season_id,season,full_name,player,position,mins,goals,assists,yellows,reds,own_goals,clean_sheets,points,start_price,pred_start_price,pred_start_price_error,end_price,pred_end_price,pred_end_price_error,price_change,pred_price_change,pred_price_change_error
11,16-17,Petr Cech,Cech,1,3097,0,0,2,0,1,12,134,5.5,5,-0.5,5.4,5.5,0.1,-0.1,0.5,0.6000000000000001
11,16-17,Per Mertesacker,Mertesacker,2,38,0,0,0,0,0,0,1,5,4.5,-0.5,4.8,4.800000000000001,0,-0.2,0.3000000000000007,0.5
11,16-17,Gabriel Armando de Abreu,Gabriel,2,1517,0,0,6,0,0,5,45,5,5,0,4.8,4.800000000000001,0,-0.2,-0.1999999999999993,0
11,16-17,Kieran Gibbs,Gibbs,2,702,0,1,3,0,0,6,45,5,5.5,0.5,4.7,4.800000000000001,0.1,-0.3,-0.6999999999999993,-0.4
11,16-17,Alex Oxlade-Chamberlain,Chamberlain,3,1564,2,7,1,0,0,4,83,6,6.5,0.5,5.8,5.6000000000000005,-0.2,-0.2,-0.8999999999999995,-0.7000000000000001
11,16-17,Joel Campbell,Campbell,3,0,0,0,0,0,0,0,0,6,4.5,-1.5,5.9,5.800000000000001,-0.1,-0.1,1.3000000000000007,1.4000000000000001
11,16-17,Adam Federici,Federici,1,180,0,0,1,0,0,1,8,4.5,4.5,0,4.4,4.3,-0.1,-0.1,-0.20000000000000018,-0.1
11,16-17,Steve Cook,Steve Cook,2,3420,2,0,5,0,1,10,112,5,5,0,4.8,4.9,0.1,-0.2,-0.09999999999999964,0.1
11,16-17,Andrew Surman,Surman,3,1800,0,1,1,1,0,4,44,5,5,0,4.6,4.7,0.1,-0.4,-0.2999999999999998,0.1
11,16-17,Junior Stanislas,Stanislas,3,1467,7,6,1,0,0,4,107,5.5,7,1.5,4.6,5.4,0.8,-0.9,-1.5999999999999996,-0.7000000000000001
11,16-17,Lewis Grabban,Grabban,4,60,0,1,0,0,0,0,6,4.5,5.5,1,4.3,4.4,0.1,-0.2,-1.0999999999999996,-0.9
11,16-17,Fredrik Ulvestad,Ulvestad,3,0,0,0,0,0,0,0,0,4.5,4.5,0,4.4,4.4,0,-0.1,-0.09999999999999964,0
11,16-17,Rouwen Hennings,Hennings,4,0,0,0,0,0,0,0,0,4.5,5,0.5,4.5,4.5,0,0,-0.5,-0.5
11,16-17,John Terry,Terry,2,496,1,0,1,0,0,1,21,5.5,5,-0.5,5.2,5.2,0,-0.3,0.20000000000000018,0.5
11,16-17,Branislav Ivanovic,Ivanovic,2,589,0,1,2,0,0,1,23,6,5,-1,5.6,5.7,0.1,-0.4,0.7000000000000002,1.1
11,16-17,César Azpilicueta,Azpilicueta,2,3420,1,5,4,0,0,16,170,6,6,0,6.4,6.2,-0.2,0.4,0.20000000000000018,-0.2
11,16-17,Cesc Fàbregas,Fàbregas,3,1340,5,15,8,0,0,4,121,7.5,9.5,2,7,7.2,0.2,-0.5,-2.3,-1.8
11,16-17,Willian Borges Da Silva,Willian,3,1534,8,3,3,0,0,6,114,7.5,7,-0.5,7,7.2,0.2,-0.5,0.20000000000000018,0.7000000000000001
11,16-17,Nemanja Matic,Matic,3,2694,1,8,4,0,0,15,105,5,6,1,4.8,5,0.2,-0.2,-1,-0.8
11,16-17,John Obi Mikel,Mikel,3,0,0,0,0,0,0,0,0,4.5,4.5,0,4.4,4.4,0,-0.1,-0.09999999999999964,0
11,16-17,Bertrand Traore,Traore,3,0,0,0,0,0,0,0,0,5.5,4.5,-1,5.4,5.300000000000001,-0.1,-0.1,0.8000000000000007,0.9
11,16-17,Robert Kenedy Nunes do Nascimento,Kenedy,3,90,0,0,0,0,0,0,3,5.5,5,-0.5,5.1,5.300000000000001,0.2,-0.4,0.3000000000000007,0.7000000000000001
11,16-17,Diego Da Silva Costa,Costa,4,3083,20,11,10,0,0,14,196,9.5,11,1.5,10.4,9.9,-0.5,0.9,-1.0999999999999996,-2
11,16-17,Scott Dann,Dann,2,1752,3,1,2,0,0,2,61,5.5,5,-0.5,5.1,5.2,0.1,-0.4,0.20000000000000018,0.6000000000000001
11,16-17,Yannick Bolasie,Bolasie,3,1048,1,4,3,0,0,3,45,6,6,0,5.6,5.6000000000000005,0,-0.4,-0.39999999999999947,0
11,16-17,Joe Ledley,Ledley,3,1160,1,1,1,0,0,2,40,4.5,5.5,1,4.3,4.3,0,-0.2,-1.2000000000000002,-1
11,16-17,Jonathan Williams,Williams,3,0,0,0,0,0,0,0,0,4.5,4.5,0,4.5,4.4,-0.1,0,-0.09999999999999964,-0.1
11,16-17,Chung-yong Lee,Lee Chung-yong,3,471,0,1,0,0,0,2,24,4.5,5.5,1,4.2,4.3,0.1,-0.3,-1.2000000000000002,-0.9
11,16-17,Joel Robles,Robles,1,1737,0,1,2,0,0,10,89,5,5,0,4.7,4.9,0.2,-0.3,-0.09999999999999964,0.2
11,16-17,Maarten Stekelenburg,Stekelenburg,1,1683,0,0,2,0,1,4,68,5,5,0,4.7,4.800000000000001,0.1,-0.3,-0.1999999999999993,0.1
11,16-17,John Stones,Stones,2,2014,0,0,1,0,0,4,59,5,4.5,-0.5,4.6,4.7,0.1,-0.4,0.20000000000000018,0.6000000000000001
11,16-17,Brendan Galloway,Galloway,2,247,0,0,0,0,0,1,9,4.5,4.5,0,4,4.3,0.30000000000000004,-0.5,-0.20000000000000018,0.30000000000000004
11,16-17,James McCarthy,McCarthy,3,613,1,1,2,0,0,0,23,5,5.5,0.5,4.7,4.800000000000001,0.1,-0.3,-0.6999999999999993,-0.4
11,16-17,Darron Gibson,Gibson,3,640,0,0,4,0,0,1,17,4.5,5,0.5,4.3,4.4,0.1,-0.2,-0.5999999999999996,-0.4
11,16-17,Muhamed Besic,Besic,3,0,0,0,0,0,0,0,0,4.5,4.5,0,4.3,4.4,0.1,-0.2,-0.09999999999999964,0.1
11,16-17,Aaron Lennon,Lennon,3,509,0,1,0,0,0,2,22,6,5.5,-0.5,5.5,5.7,0.2,-0.5,0.20000000000000018,0.7000000000000001
11,16-17,Allan McGregor,McGregor,1,0,0,0,0,0,0,0,0,4.5,4.5,0,4.4,4.3,-0.1,-0.1,-0.20000000000000018,-0.1
11,16-17,Brian Lenihan,Lenihan,2,0,0,0,0,0,0,0,0,4,4.5,0.5,3.9,3.9000000000000004,0,-0.1,-0.5999999999999996,-0.5
11,16-17,Moses Odubajo,Odubajo,2,0,0,0,0,0,0,0,0,4.5,4.5,0,4.4,4.4,0,-0.1,-0.09999999999999964,0
11,16-17,Tom Huddlestone,Huddlestone,3,2025,1,2,5,1,1,4,62,5,5,0,4.5,4.7,0.2,-0.5,-0.2999999999999998,0.2
11,16-17,Adama Diomande,Diomande,4,1171,2,0,1,0,0,2,42,4.5,5.5,1,4.3,4.3,0,-0.2,-1.2000000000000002,-1
11,16-17,Ron-Robert Zieler,Zieler,1,754,0,0,0,0,0,1,17,4.5,4.5,0,4.4,4.3,-0.1,-0.1,-0.20000000000000018,-0.1
11,16-17,Riyad Mahrez,Mahrez,3,2826,6,4,4,0,0,9,120,9.5,6,-3.5,8.9,9.1,0.2,-0.6,3.0999999999999996,3.7
11,16-17,Marc Albrighton,Albrighton,3,2412,2,6,5,0,0,8,95,5.5,6,0.5,5,5.300000000000001,0.30000000000000004,-0.5,-0.6999999999999993,-0.2
11,16-17,Demarai Gray,Gray,3,1049,1,4,2,0,0,4,58,5,6,1,4.8,4.7,-0.1,-0.2,-1.2999999999999998,-1.1
11,16-17,Daniel Amartey,Amartey,3,1673,1,1,3,0,0,4,53,4.5,5,0.5,4.3,4.3,0,-0.2,-0.7000000000000002,-0.5
11,16-17,Shinji Okazaki,Okazaki,4,1565,3,1,1,0,0,7,63,6,6,0,5.6,5.6000000000000005,0,-0.4,-0.39999999999999947,0
11,16-17,Simon Mignolet,Mignolet,1,2520,0,0,0,0,0,9,110,5,5,0,4.8,4.9,0.1,-0.2,-0.09999999999999964,0.1
11,16-17,Loris Karius,Karius,1,900,0,0,0,0,0,3,32,5,4.5,-0.5,4.3,4.7,0.4,-0.7,0.20000000000000018,0.9
11,16-17,Joseph Gomez,Gomez,2,0,0,0,0,0,0,0,0,5,4.5,-0.5,4.8,4.800000000000001,0,-0.2,0.3000000000000007,0.5
11,16-17,Adam Lallana,Lallana,3,2338,8,7,3,0,0,9,139,7,7,0,6.7,6.9,0.2,-0.3,-0.09999999999999964,0.2
11,16-17,Lazar Markovic,Markovic,3,1005,2,0,4,0,0,5,37,5.5,5.5,0,5.2,5.2,0,-0.3,-0.2999999999999998,0
11,16-17,James Milner,Milner,3,3154,7,4,5,0,0,12,139,6.5,6,-0.5,6.3,6.4,0.1,-0.2,0.40000000000000036,0.6000000000000001
11,16-17,Roberto Firmino,Firmino,3,3062,11,11,5,0,0,11,180,8.5,8,-0.5,8.5,8.700000000000001,0.2,0,0.7000000000000011,0.7000000000000001
11,16-17,Pedro Chirivella,Chirivella,3,0,0,0,0,0,0,0,0,4.5,4.5,0,4.2,4.4,0.2,-0.3,-0.09999999999999964,0.2
11,16-17,Sadio Mané,Mané,3,2242,13,7,4,0,0,8,156,9,8.5,-0.5,9.3,9,-0.30000000000000004,0.3,0.5,0.2
11,16-17,Vincent Kompany,Kompany,2,820,3,0,5,0,0,5,57,6,5.5,-0.5,6,5.7,-0.30000000000000004,0,0.20000000000000018,0.2
11,16-17,Gnegneri Yaya Touré,Yaya Touré,3,1941,5,0,4,0,0,12,86,8,6,-2,7.2,7.6000000000000005,0.4,-0.8,1.6000000000000005,2.4000000000000004
11,16-17,Jesús Navas,Navas,3,1064,0,3,2,0,0,2,48,6.5,5.5,-1,6.1,6.1000000000000005,0,-0.4,0.6000000000000005,1
11,16-17,Ilkay Gündogan,Gündogan,3,704,3,1,0,0,0,3,41,5.5,6,0.5,4.9,5.2,0.30000000000000004,-0.6,-0.7999999999999998,-0.2
11,16-17,Manuel Agudo Durán,Nolito,3,777,4,3,3,1,0,3,54,9,6.5,-2.5,8.4,8.6,0.2,-0.6,2.0999999999999996,2.7
11,16-17,Wilfried Bony,Bony,4,684,2,0,1,0,0,3,29,7.5,6,-1.5,6.9,7.1000000000000005,0.2,-0.6,1.1000000000000005,1.7000000000000002
11,16-17,David de Gea,de Gea,1,3150,0,0,2,0,0,14,136,5.5,5,-0.5,5.5,5.6000000000000005,0.1,0,0.6000000000000005,0.6000000000000001
11,16-17,Timothy Fosu-Mensah,Fosu-Mensah,2,97,0,0,0,0,0,1,9,4.5,4.5,0,4.1,4.3,0.2,-0.4,-0.20000000000000018,0.2
11,16-17,Memphis Depay,Depay,3,24,0,0,1,0,0,0,3,7.5,5,-2.5,7.1,7.2,0.1,-0.4,2.2,2.6
11,16-17,Morgan Schneiderlin,Schneiderlin,3,1073,1,0,2,0,0,5,37,5,5.5,0.5,4.5,4.7,0.2,-0.5,-0.7999999999999998,-0.30000000000000004
11,16-17,Jesse Lingard,Lingard,3,1360,1,3,3,0,0,7,60,6,6,0,5.6,5.6000000000000005,0,-0.4,-0.39999999999999947,0
11,16-17,Henrikh Mkhitaryan,Mkhitaryan,3,1348,4,1,1,0,0,10,73,9.5,6.5,-3,8.7,9.1,0.4,-0.8,2.5999999999999996,3.4000000000000004
11,16-17,Zlatan Ibrahimovic,Ibrahimovic,4,2438,17,7,7,0,0,11,163,11.5,10,-1.5,11.4,11.5,0.1,-0.1,1.5,1.6
11,16-17,Víctor Valdés,Valdés,1,2520,0,0,1,0,0,8,102,4.5,5,0.5,4.5,4.5,0,0,-0.5,-0.5
11,16-17,George Friend,Friend,2,1964,0,3,4,0,0,4,59,4.5,5,0.5,4.2,4.3,0.1,-0.3,-0.7000000000000002,-0.4
11,16-17,Stewart Downing,Downing,3,2214,1,3,1,0,0,7,77,5.5,5.5,0,4.8,5.2,0.4,-0.7,-0.2999999999999998,0.4
11,16-17,Adam Clayton,Clayton,3,2804,0,2,10,0,0,10,70,4.5,5,0.5,4.3,4.4,0.1,-0.2,-0.5999999999999996,-0.4
11,16-17,Grant Leadbitter,Leadbitter,3,710,1,0,1,0,0,3,28,5,5.5,0.5,4.3,4.800000000000001,0.5,-0.7,-0.6999999999999993,0
11,16-17,Carlos De Pena,De Pena,3,0,0,0,0,0,0,0,0,4.5,4.5,0,4.2,4.4,0.2,-0.3,-0.09999999999999964,0.2
11,16-17,Viktor Fischer,Fischer,3,438,0,3,0,0,0,1,25,5.5,6,0.5,4.9,5.2,0.30000000000000004,-0.6,-0.7999999999999998,-0.2
11,16-17,Cristhian Stuani,Stuani,4,1355,4,0,4,0,0,4,54,5,6,1,4.6,4.7,0.1,-0.4,-1.2999999999999998,-0.9
11,16-17,Fraser Forster,Forster,1,3420,0,0,3,0,0,14,134,5,5,0,5,5.2,0.2,0,0.20000000000000018,0.2
11,16-17,Paulo Gazzaniga,Gazzaniga,1,0,0,0,0,0,0,0,0,4.5,4.5,0,4.5,4.3,-0.2,0,-0.20000000000000018,-0.2
11,16-17,Maya Yoshida,Yoshida,2,2070,1,1,2,0,0,7,78,4.5,5,0.5,4.5,4.4,-0.1,0,-0.5999999999999996,-0.6000000000000001
11,16-17,Matt Targett,Targett,2,373,0,0,0,0,0,1,12,4.5,4.5,0,4.1,4.3,0.2,-0.4,-0.20000000000000018,0.2
11,16-17,Harrison Reed,Reed,3,64,0,0,0,0,0,0,3,4.5,5,0.5,4.3,4.4,0.1,-0.2,-0.5999999999999996,-0.4
11,16-17,Pierre-Emile Højbjerg,Højbjerg,3,1300,0,0,2,0,0,6,38,4.5,5,0.5,4.2,4.3,0.1,-0.3,-0.7000000000000002,-0.4
11,16-17,Shay Given,Given,1,450,0,0,1,0,1,0,13,4.5,4.5,0,4.2,4.3,0.1,-0.3,-0.20000000000000018,0.1
11,16-17,Glenn Whelan,Whelan,3,2276,0,1,5,0,1,7,62,4.5,5,0.5,4.2,4.3,0.1,-0.3,-0.7000000000000002,-0.4
11,16-17,Lee Cattermole,Cattermole,3,633,0,0,4,0,0,0,12,4.5,5,0.5,4.2,4.4,0.2,-0.3,-0.5999999999999996,-0.30000000000000004
11,16-17,Jack Rodwell,Rodwell,3,1492,0,1,4,0,0,2,38,4.5,5,0.5,4.3,4.3,0,-0.2,-0.7000000000000002,-0.5
11,16-17,Duncan Watmore,Watmore,3,1025,0,5,1,0,0,2,43,5,6,1,4.7,4.7,0,-0.3,-1.2999999999999998,-1
11,16-17,Fabio Borini,Borini,4,1742,2,0,5,0,0,5,49,5.5,5.5,0,5.1,5.2,0.1,-0.4,-0.2999999999999998,0.1
11,16-17,Kyle Naughton,Naughton,2,2714,1,0,5,0,1,8,82,4.5,5,0.5,4.4,4.4,0,-0.1,-0.5999999999999996,-0.5
11,16-17,Angel Rangel,Rangel,2,831,1,0,1,0,0,1,26,4.5,4.5,0,4.1,4.3,0.2,-0.4,-0.20000000000000018,0.2
11,16-17,Jordi Amat,Amat,2,1409,0,0,5,0,0,2,21,4,4.5,0.5,3.8,3.9000000000000004,0.1,-0.2,-0.5999999999999996,-0.4
11,16-17,Leon Britton,Britton,3,1163,0,0,3,0,0,5,32,4.5,5,0.5,4.4,4.3,-0.1,-0.1,-0.7000000000000002,-0.6000000000000001
11,16-17,André Ayew,Ayew,3,1439,6,3,1,0,0,6,89,7.5,6.5,-1,7.1,7.1000000000000005,0,-0.4,0.6000000000000005,1
11,16-17,Toby Alderweireld,Alderweireld,2,2601,1,0,1,0,0,14,120,6.5,5.5,-1,6.4,6.2,-0.2,-0.1,0.7000000000000002,0.8
11,16-17,Danny Rose,Rose,2,1530,2,3,8,0,0,8,84,6,5.5,-0.5,5.8,5.7,-0.1,-0.2,0.20000000000000018,0.4
11,16-17,Kyle Walker,Walker,2,2701,0,6,8,0,0,14,142,5.5,6,0.5,6.2,5.6000000000000005,-0.6000000000000001,0.7,-0.39999999999999947,-1.1
11,16-17,Jan Vertonghen,Vertonghen,2,2894,0,0,5,0,0,15,126,5.5,5,-0.5,5.8,5.4,-0.4,0.3,0.40000000000000036,0.1
11,16-17,Kieran Trippier,Trippier,2,568,0,5,1,0,0,3,51,5,6,1,4.7,4.800000000000001,0.1,-0.3,-1.1999999999999993,-0.9
11,16-17,DeAndre Yedlin,Yedlin,2,0,0,0,0,0,0,0,0,4.5,4.5,0,4.4,4.4,0,-0.1,-0.09999999999999964,0
11,16-17,Eric Dier,Dier,3,3043,2,0,6,0,0,16,93,5.5,5,-0.5,5,5.300000000000001,0.30000000000000004,-0.5,0.3000000000000007,0.8
11,16-17,Christian Eriksen,Eriksen,3,3159,8,20,0,0,0,16,218,8.5,9,0.5,8.9,9.1,0.2,0.4,0.09999999999999964,-0.30000000000000004
11,16-17,Nabil Bentaleb,Bentaleb,3,0,0,0,0,0,0,0,0,4.5,4.5,0,4.5,4.4,-0.1,0,-0.09999999999999964,-0.1
11,16-17,Bamidele Alli,Alli,3,3036,18,11,4,0,0,17,225,8.5,10.5,2,9.1,9.5,0.4,0.6,-1,-1.6
11,16-17,Adlène Guédioura,Guédioura,3,861,0,1,2,0,0,0,26,4.5,5,0.5,4.2,4.3,0.1,-0.3,-0.7000000000000002,-0.4
11,16-17,Ben Watson,Watson,3,54,0,0,0,1,0,0,1,4.5,4.5,0,4.2,4.4,0.2,-0.3,-0.09999999999999964,0.2
11,16-17,Ikechi Anya,Anya,3,10,0,0,0,0,0,0,1,4.5,5,0.5,4.5,4.4,-0.1,0,-0.5999999999999996,-0.6000000000000001
11,16-17,Valon Behrami,Behrami,3,2030,0,0,7,0,0,5,48,4.5,5,0.5,4.5,4.3,-0.2,0,-0.7000000000000002,-0.7000000000000001
11,16-17,Steven Berghuis,Berghuis,3,0,0,0,0,0,0,0,0,5,4.5,-0.5,5,4.9,-0.1,0,0.40000000000000036,0.4
11,16-17,Nordin Amrabat,Amrabat,3,2091,0,3,4,0,0,4,65,5,5,0,5,4.7,-0.30000000000000004,0,-0.2999999999999998,-0.30000000000000004
11,16-17,Troy Deeney,Deeney,4,2944,10,4,7,0,1,6,130,7,6.5,-0.5,6.6,6.6000000000000005,0,-0.4,0.10000000000000053,0.5
11,16-17,Jerome Sinclair,Sinclair,4,116,0,0,0,0,0,0,6,5,5,0,4.8,4.9,0.1,-0.2,-0.09999999999999964,0.1
11,16-17,Craig Dawson,Dawson,2,3276,4,0,10,0,0,6,102,5,5,0,4.9,4.9,0,-0.1,-0.09999999999999964,0
11,16-17,Sébastien Pocognoli,Pocognoli,2,0,0,0,0,0,0,0,0,4,4.5,0.5,4,3.9000000000000004,-0.1,0,-0.5999999999999996,-0.6000000000000001
11,16-17,James Chester,Chester,2,0,0,0,0,0,0,0,0,4.5,4.5,0,4.5,4.4,-0.1,0,-0.09999999999999964,-0.1
11,16-17,Chris Brunt,Brunt,2,2477,3,4,5,0,0,4,99,5,5,0,4.8,4.9,0.1,-0.2,-0.09999999999999964,0.1
11,16-17,Darren Fletcher,Fletcher,3,3231,2,3,0,0,0,8,103,4.5,5.5,1,4.4,4.4,0,-0.1,-1.0999999999999996,-1
11,16-17,Craig Gardner,Gardner,3,218,0,1,1,0,0,1,14,5.5,5.5,0,5.1,5.300000000000001,0.2,-0.4,-0.1999999999999993,0.2
11,16-17,Claudio Yacob,Yacob,3,2418,0,0,9,0,0,4,54,4.5,4.5,0,4.3,4.3,0,-0.2,-0.20000000000000018,-0
11,16-17,Saido Berahino,Berahino,4,963,0,0,1,0,0,4,26,6.5,5.5,-1,6,6.2,0.2,-0.5,0.7000000000000002,1.2000000000000002
11,16-17,Winston Reid,Reid,2,2587,2,3,8,1,0,9,102,5,5,0,4.9,5,0.1,-0.1,0,0.1
11,16-17,Reece Oxford,Oxford,2,0,0,0,0,0,0,0,0,4.5,4.5,0,4.2,4.4,0.2,-0.3,-0.09999999999999964,0.2
11,16-17,Sam Byram,Byram,2,1249,0,1,5,1,0,3,29,4.5,5,0.5,4.2,4.4,0.2,-0.3,-0.5999999999999996,-0.30000000000000004
11,16-17,Mark Noble,Noble,3,2389,3,0,10,0,0,8,71,6.5,5,-1.5,6.2,6.1000000000000005,-0.1,-0.3,1.1000000000000005,1.4000000000000001
11,16-17,Pedro Obiang,Obiang,3,1763,1,2,7,0,0,4,55,4.5,5,0.5,4.3,4.3,0,-0.2,-0.7000000000000002,-0.5
11,16-17,Michail Antonio,Antonio,3,2433,9,8,4,1,0,7,132,7,7,0,6.7,7,0.30000000000000004,-0.3,0,0.30000000000000004
11,16-17,Andy Carroll,Carroll,4,1312,7,2,3,0,0,3,69,6.5,6.5,0,5.9,6.1000000000000005,0.2,-0.6,-0.39999999999999947,0.2
11,16-17,Marko Grujic,Grujic,3,43,0,0,1,0,0,0,4,5,5,0,4.3,4.800000000000001,0.5,-0.7,-0.1999999999999993,0.5
11,16-17,Tommie Hoban,Hoban,2,0,0,0,0,0,0,0,0,4,4.5,0.5,4,3.9000000000000004,-0.1,0,-0.5999999999999996,-0.6000000000000001
11,16-17,Ramadan Sobhi,Sobhi,3,855,0,2,2,0,0,5,36,5.5,5.5,0,4.8,5.2,0.4,-0.7,-0.2999999999999998,0.4
11,16-17,Sullay Kaikai,Kaikai,3,24,0,0,0,0,0,0,1,4.5,4.5,0,4.5,4.4,-0.1,0,-0.09999999999999964,-0.1
11,16-17,Jose Angel Esmoris Tasende,Angelino,2,0,0,0,0,0,0,0,0,4.5,4.5,0,4.3,4.4,0.1,-0.2,-0.09999999999999964,0.1
11,16-17,Jack Stephens,Stephens,2,1471,0,1,1,0,0,6,60,4,5,1,4.2,3.9000000000000004,-0.30000000000000004,0.2,-1.0999999999999996,-1.3
11,16-17,Olayinka Fredrick Oladotun Ladapo,Ladapo,4,0,0,0,0,0,0,0,0,4.5,5,0.5,4.5,4.5,0,0,-0.5,-0.5
11,16-17,Harry Winks,Winks,3,494,1,1,1,0,0,0,30,4.5,5.5,1,4.5,4.3,-0.2,0,-1.2000000000000002,-1.2000000000000002
11,16-17,Lynden Gooch,Gooch,3,366,0,0,3,0,0,1,12,4.5,5,0.5,4.1,4.4,0.30000000000000004,-0.4,-0.5999999999999996,-0.2
11,16-17,Steven Defour,Defour,3,1068,1,3,1,0,0,5,54,6,6,0,5.6,5.6000000000000005,0,-0.4,-0.39999999999999947,0
11,16-17,Fabio Pereira da Silva,Fabio,2,1847,0,0,8,0,0,6,58,4.5,5,0.5,4.2,4.4,0.2,-0.3,-0.5999999999999996,-0.30000000000000004
11,16-17,Luke McGee,McGee,1,0,0,0,0,0,0,0,0,4,4.5,0.5,3.9,3.9000000000000004,0,-0.1,-0.5999999999999996,-0.5
11,16-17,Aiden O'Neill,O'Neill,3,85,0,0,0,0,0,0,3,4.5,5,0.5,4.3,4.4,0.1,-0.2,-0.5999999999999996,-0.4
11,16-17,Josh Robson,Josh Robson,2,0,0,0,0,0,0,0,0,4,4.5,0.5,4,3.9000000000000004,-0.1,0,-0.5999999999999996,-0.6000000000000001
11,16-17,Reece Burke,Burke,2,0,0,0,0,0,0,0,0,4,4.5,0.5,4,3.9000000000000004,-0.1,0,-0.5999999999999996,-0.6000000000000001
11,16-17,Oliver McBurnie,McBurnie,4,82,0,0,0,0,0,0,5,4.5,5,0.5,4.5,4.4,-0.1,0,-0.5999999999999996,-0.6000000000000001
11,16-17,Simone Zaza,Zaza,4,459,0,0,2,0,0,2,10,7,5.5,-1.5,6,6.7,0.7000000000000001,-1,1.2000000000000002,2.2
11,16-17,Stefano Okaka,Okaka,4,959,4,0,5,0,0,2,43,5.5,6,0.5,5.1,5.2,0.1,-0.4,-0.7999999999999998,-0.4
11,16-17,David Marshall,Marshall,1,1440,0,0,0,0,1,0,32,4.5,4.5,0,4.4,4.3,-0.1,-0.1,-0.20000000000000018,-0.1
11,16-17,Alfie Mawson,Mawson,2,2430,4,0,1,0,2,7,94,4.5,5,0.5,4.6,4.5,-0.1,0.1,-0.5,-0.6000000000000001
11,16-17,Didier Ndong,Ndong,3,2520,1,1,5,0,0,5,67,5,5,0,4.8,4.7,-0.1,-0.2,-0.2999999999999998,-0.1
11,16-17,Jeff Hendrick,Hendrick,3,2691,2,1,6,1,0,9,76,5.5,5,-0.5,5.3,5.2,-0.1,-0.2,0.20000000000000018,0.4
11,16-17,Marcos Alonso,Alonso,2,2693,6,5,2,0,0,15,177,6,6.5,0.5,6.9,6.5,-0.4,0.9,0,-0.9
11,16-17,Islam Slimani,Slimani,4,1281,7,4,1,0,0,5,83,8.5,7,-1.5,8.2,8.1,-0.1,-0.3,1.0999999999999996,1.4000000000000001
11,16-17,Álvaro Arbeloa,Arbeloa,2,258,0,0,3,0,0,0,0,5,4.5,-0.5,4.5,4.800000000000001,0.30000000000000004,-0.5,0.3000000000000007,0.8
11,16-17,Dieumerci Mbokani,Mbokani,4,764,0,2,0,0,0,3,27,5.5,5.5,0,5.4,5.2,-0.2,-0.1,-0.2999999999999998,-0.2
11,16-17,Victor Anichebe,Anichebe,4,1219,3,1,2,0,0,3,48,4.5,6,1.5,4.3,4.3,0,-0.2,-1.7000000000000002,-1.5
11,16-17,Luke Dreher,Dreher,3,0,0,0,0,0,0,0,0,4.5,4.5,0,4.4,4.4,0,-0.1,-0.09999999999999964,0
11,16-17,Ben Wynter,Wynter,2,0,0,0,0,0,0,0,0,4,4.5,0.5,4,3.9000000000000004,-0.1,0,-0.5999999999999996,-0.6000000000000001
11,16-17,Jake Hesketh,Hesketh,3,0,0,0,0,0,0,0,0,4.5,4.5,0,4.5,4.4,-0.1,0,-0.09999999999999964,-0.1
11,16-17,Jeff Reine-Adelaide,Reine-Adelaide,3,0,0,0,0,0,0,0,0,4.5,4.5,0,4.5,4.4,-0.1,0,-0.09999999999999964,-0.1
11,16-17,Dominic Calvert-Lewin,Calvert-Lewin,4,347,1,0,1,0,0,0,17,4.5,5.5,1,4.5,4.4,-0.1,0,-1.0999999999999996,-1.1
11,16-17,Stuart Taylor,Taylor,1,0,0,0,0,0,0,0,0,4,4.5,0.5,4,3.9000000000000004,-0.1,0,-0.5999999999999996,-0.6000000000000001
11,16-17,Matthew James,James,3,1,0,0,0,0,0,0,1,4.5,5,0.5,4.5,4.4,-0.1,0,-0.5999999999999996,-0.6000000000000001
11,16-17,Marcus Browne,Browne,3,0,0,0,0,0,0,0,0,4.5,4.5,0,4.5,4.4,-0.1,0,-0.09999999999999964,-0.1
11,16-17,Declan Rice,Rice,3,1,0,0,0,0,0,0,1,4.5,5,0.5,4.5,4.4,-0.1,0,-0.5999999999999996,-0.6000000000000001
11,16-17,Michael Folivi,Folivi,4,10,0,0,0,0,0,0,1,4.5,5,0.5,4.5,4.5,0,0,-0.5,-0.5
11,16-17,Carl Stewart,Stewart,3,0,0,0,0,0,0,0,0,4.5,4.5,0,4.5,4.4,-0.1,0,-0.09999999999999964,-0.1
11,16-17,Michael Ledger,Ledger,2,0,0,0,0,0,0,0,0,4,4.5,0.5,4,3.9000000000000004,-0.1,0,-0.5999999999999996,-0.6000000000000001
11,16-17,Rudy Gestede,Gestede,4,533,1,0,3,0,0,1,21,5,5.5,0.5,4.5,4.800000000000001,0.30000000000000004,-0.5,-0.6999999999999993,-0.2
11,16-17,Evandro Goebel,Evandro,3,576,0,0,1,0,0,3,18,5,5,0,4.9,4.800000000000001,-0.1,-0.1,-0.1999999999999993,-0.1
11,16-17,Mauro Zárate,Zárate,4,204,0,1,0,0,0,0,8,5.5,5.5,0,5.2,5.300000000000001,0.1,-0.3,-0.1999999999999993,0.1
11,16-17,Andrea Ranocchia,Ranocchia,2,1330,2,2,2,0,0,3,55,4.5,5,0.5,4.5,4.3,-0.2,0,-0.7000000000000002,-0.7000000000000001
11,16-17,Giedrius Arlauskis,Arlauskis,1,0,0,0,0,0,0,0,0,4,4.5,0.5,4,3.9000000000000004,-0.1,0,-0.5999999999999996,-0.6000000000000001
11,16-17,Robbie Brady,Brady,3,719,1,3,1,0,0,1,39,5.5,6,0.5,5.5,5.2,-0.30000000000000004,0,-0.7999999999999998,-0.8
11,16-17,Ashley Westwood,Westwood,3,551,0,0,3,0,0,1,13,4.5,5,0.5,4.5,4.4,-0.1,0,-0.5999999999999996,-0.6000000000000001
11,16-17,Jordan Ayew,Ayew,4,867,1,4,1,0,0,5,39,5,6.5,1.5,5,4.800000000000001,-0.2,0,-1.6999999999999993,-1.7000000000000002
11,16-17,Molla Wagué,Wagué,2,0,0,0,0,0,0,0,0,4.5,4.5,0,4.4,4.4,0,-0.1,-0.09999999999999964,0
11,16-17,Connor Roberts,Roberts,2,0,0,0,0,0,0,0,0,4,4.5,0.5,4,3.9000000000000004,-0.1,0,-0.5999999999999996,-0.6000000000000001
11,16-17,Axel Tuanzebe,Tuanzebe,2,303,0,0,0,0,0,2,14,4,4.5,0.5,4,3.9000000000000004,-0.1,0,-0.5999999999999996,-0.6000000000000001
11,16-17,Dion Pereira,Pereira,3,25,0,0,0,0,0,0,2,4.5,5,0.5,4.5,4.4,-0.1,0,-0.5999999999999996,-0.6000000000000001
11,16-17,Eduardo Dos Reis Carvalho,Eduardo,1,0,0,0,0,0,0,0,0,4.5,4.5,0,4.5,4.3,-0.2,0,-0.20000000000000018,-0.2
11,16-17,Scott McTominay,McTominay,3,97,0,0,1,0,0,1,3,4.5,5,0.5,4.5,4.4,-0.1,0,-0.5999999999999996,-0.6000000000000001
11,16-17,Samuel Shashoua,Shashoua,3,0,0,0,0,0,0,0,0,4.5,4.5,0,4.5,4.4,-0.1,0,-0.09999999999999964,-0.1
11,16-17,Joshua Harrop,Harrop,3,90,1,0,0,0,0,1,8,4.5,5,0.5,4.5,4.4,-0.1,0,-0.5999999999999996,-0.6000000000000001
11,16-17,Daniel Kemp,Kemp,3,0,0,0,0,0,0,0,0,4.5,4.5,0,4.5,4.4,-0.1,0,-0.09999999999999964,-0.1
12,17-18,Santiago Cazorla,Cazorla,3,0,0,0,0,0,0,0,0,7,4.5,-2.5,6.9,6.7,-0.2,-0.1,2.2,2.3000000000000003
12,17-18,Alexandre Lacazette,Lacazette,4,2197,14,5,1,0,0,10,138,10.5,8.5,-2,10.3,10.4,0.1,-0.2,1.9000000000000004,2.1
12,17-18,Edward Nketiah,Nketiah,4,17,0,0,0,0,0,0,3,5,5,0,5,4.9,-0.1,0,-0.09999999999999964,-0.1
12,17-18,Artur Boruc,Boruc,1,0,0,0,0,0,0,0,0,4.5,4.5,0,4.1,4.3,0.2,-0.4,-0.20000000000000018,0.2
12,17-18,Andrew Surman,Surman,3,1851,2,5,2,0,0,5,82,4.5,6,1.5,4.3,4.4,0.1,-0.2,-1.5999999999999996,-1.4000000000000001
12,17-18,Jordon Ibe,Ibe,3,1988,2,6,1,0,0,4,85,5,6,1,4.6,4.800000000000001,0.2,-0.4,-1.1999999999999993,-0.8
12,17-18,Aaron Ramsdale,Ramsdale,1,0,0,0,0,0,0,0,0,4,4.5,0.5,4,3.9000000000000004,-0.1,0,-0.5999999999999996,-0.6000000000000001
12,17-18,Emerson Hyndman,Hyndman,3,58,0,0,0,0,0,0,1,4.5,4.5,0,4.5,4.4,-0.1,0,-0.09999999999999964,-0.1
12,17-18,Dale Stephens,Stephens,3,3240,0,3,6,0,0,10,87,4.5,5,0.5,4.5,4.4,-0.1,0,-0.5999999999999996,-0.6000000000000001
12,17-18,Pascal Groß,Groß,3,2928,7,8,2,0,0,10,164,5.5,6.5,1,5.9,5.800000000000001,-0.1,0.4,-0.6999999999999993,-1.1
12,17-18,Glenn Murray,Murray,4,2184,12,0,9,0,0,8,111,6,7,1,5.9,5.800000000000001,-0.1,-0.1,-1.1999999999999993,-1.1
12,17-18,Leonardo Ulloa,Ulloa,4,279,1,0,0,0,0,1,20,5,5.5,0.5,4.8,4.800000000000001,0,-0.2,-0.6999999999999993,-0.5
12,17-18,Tim Krul,Krul,1,0,0,0,0,0,0,0,0,4,4.5,0.5,3.9,3.9000000000000004,0,-0.1,-0.5999999999999996,-0.5
12,17-18,Paul Robinson,Robinson,1,0,0,0,0,0,0,0,0,4.5,4.5,0,4.5,4.3,-0.2,0,-0.20000000000000018,-0.2
12,17-18,Matthew Lowton,Lowton,2,2295,0,3,1,0,0,8,89,4.5,5,0.5,4.4,4.4,0,-0.1,-0.5999999999999996,-0.5
12,17-18,Scott Arfield,Arfield,3,1330,2,2,3,0,0,6,56,5,6,1,4.9,4.800000000000001,-0.1,-0.1,-1.1999999999999993,-1.1
12,17-18,Dean Marney,Marney,3,0,0,0,0,0,0,0,0,4.5,4.5,0,4.4,4.4,0,-0.1,-0.09999999999999964,0
12,17-18,Ashley Westwood,Westwood,3,1105,0,1,2,0,0,2,35,4.5,5,0.5,4.3,4.3,0,-0.2,-0.7000000000000002,-0.5
12,17-18,Phil Bardsley,Bardsley,2,1125,0,0,5,0,0,4,33,4.5,5,0.5,4,4.3,0.30000000000000004,-0.5,-0.7000000000000002,-0.2
12,17-18,Fredrik Ulvestad,Ulvestad,3,0,0,0,0,0,0,0,0,4.5,4.5,0,4.4,4.4,0,-0.1,-0.09999999999999964,0
12,17-18,Aiden O'Neill,O'Neill,3,0,0,0,0,0,0,0,0,4.5,4.5,0,4.5,4.4,-0.1,0,-0.09999999999999964,-0.1
12,17-18,Thibaut Courtois,Courtois,1,3150,0,0,2,0,0,15,136,5.5,5,-0.5,5.3,5.6000000000000005,0.30000000000000004,-0.2,0.6000000000000005,0.8
12,17-18,David Luiz Moreira Marinho,David Luiz,2,838,1,2,3,1,0,3,32,6,5.5,-0.5,5.7,5.7,0,-0.3,0.20000000000000018,0.5
12,17-18,Antonio Rüdiger,Rüdiger,2,2336,2,1,4,0,0,12,115,6,5.5,-0.5,5.8,5.800000000000001,0,-0.2,0.3000000000000007,0.5
12,17-18,Cesc Fàbregas,Fàbregas,3,2300,2,4,4,1,0,11,89,7,5.5,-1.5,6.8,6.6000000000000005,-0.2,-0.2,1.1000000000000005,1.3
12,17-18,Michy Batshuayi,Batshuayi,4,351,2,1,0,0,1,1,25,8.5,6,-2.5,8.1,8,-0.1,-0.4,2,2.4000000000000004
12,17-18,Kasey Palmer,Palmer,3,168,0,0,2,0,0,1,4,5.5,5,-0.5,5.3,5.300000000000001,0,-0.2,0.3000000000000007,0.5
12,17-18,Álvaro Morata,Morata,4,2055,11,6,7,0,0,11,122,10,8.5,-1.5,10.4,9.8,-0.6000000000000001,0.4,1.3000000000000007,0.9
12,17-18,Jeremie Boga,Boga,3,17,0,0,0,0,0,0,1,6,5,-1,6,5.800000000000001,-0.2,0,0.8000000000000007,0.8
12,17-18,Dujon Sterling,Sterling,2,0,0,0,0,0,0,0,0,4.5,4.5,0,4.5,4.4,-0.1,0,-0.09999999999999964,-0.1
12,17-18,James Tomkins,Tomkins,2,2386,3,0,8,0,0,9,99,4.5,5,0.5,4.4,4.5,0.1,-0.1,-0.5,-0.4
12,17-18,Scott Dann,Dann,2,1434,1,0,4,0,0,1,32,5,4.5,-0.5,4.6,4.7,0.1,-0.4,0.20000000000000018,0.6000000000000001
12,17-18,Martin Kelly,Kelly,2,1193,0,0,1,0,1,4,34,4.5,4.5,0,4.1,4.3,0.2,-0.4,-0.20000000000000018,0.2
12,17-18,Jason Puncheon,Puncheon,3,574,0,0,5,0,0,0,11,5,5,0,4.4,4.800000000000001,0.4,-0.6,-0.1999999999999993,0.4
12,17-18,Andros Townsend,Townsend,3,3120,2,9,3,0,0,9,121,6,6,0,5.6,5.800000000000001,0.2,-0.4,-0.1999999999999993,0.2
12,17-18,Connor Wickham,Wickham,4,0,0,0,0,0,0,0,0,5.5,5,-0.5,5.4,5.4,0,-0.1,0.40000000000000036,0.5
12,17-18,Timothy Fosu-Mensah,Fosu-Mensah,2,1592,0,0,2,0,0,2,39,4.5,4.5,0,4.4,4.3,-0.1,-0.1,-0.20000000000000018,-0.1
12,17-18,Olayinka Fredrick Oladotun Ladapo,Ladapo,4,16,0,0,0,0,0,0,1,4.5,5,0.5,4.5,4.5,0,0,-0.5,-0.5
12,17-18,Dion Henry,Henry,1,0,0,0,0,0,0,0,0,4,4.5,0.5,4,3.9000000000000004,-0.1,0,-0.5999999999999996,-0.6000000000000001
12,17-18,Aaron Wan-Bissaka,Wan-Bissaka,3,627,0,0,1,0,0,2,15,4.5,5,0.5,4.5,4.4,-0.1,0,-0.5999999999999996,-0.6000000000000001
12,17-18,Jaroslaw Jach,Jach,2,0,0,0,0,0,0,0,0,4.5,4.5,0,4.2,4.4,0.2,-0.3,-0.09999999999999964,0.2
12,17-18,Erdal Rakip,Rakip,3,0,0,0,0,0,0,0,0,5,4.5,-0.5,4.8,4.9,0.1,-0.2,0.40000000000000036,0.6000000000000001
12,17-18,Alexander Sørloth,Sørloth,4,360,0,0,0,0,0,0,8,5.5,5,-0.5,5.4,5.300000000000001,-0.1,-0.1,0.3000000000000007,0.4
12,17-18,Theo Walcott,Walcott,3,1214,3,3,2,0,0,4,62,7.5,6,-1.5,6.6,7,0.4,-0.9,1,1.9000000000000001
12,17-18,Matthew Pennington,Pennington,2,0,0,0,0,0,0,0,0,4,4.5,0.5,4,3.9000000000000004,-0.1,0,-0.5999999999999996,-0.6000000000000001
12,17-18,Ramiro Funes Mori,Funes Mori,2,119,0,0,1,0,0,0,3,5,4.5,-0.5,4.9,4.800000000000001,-0.1,-0.1,0.3000000000000007,0.4
12,17-18,Yannick Bolasie,Bolasie,3,848,1,1,0,0,0,3,35,6.5,5.5,-1,6.4,6.1000000000000005,-0.30000000000000004,-0.1,0.6000000000000005,0.7000000000000001
12,17-18,James McCarthy,McCarthy,3,204,0,0,0,0,0,0,6,5,5,0,4.9,4.800000000000001,-0.1,-0.1,-0.1999999999999993,-0.1
12,17-18,Muhamed Besic,Besic,3,46,0,0,0,0,0,0,2,4.5,5,0.5,4.2,4.4,0.2,-0.3,-0.5999999999999996,-0.30000000000000004
12,17-18,Oumar Niasse,Niasse,4,1076,8,3,2,0,0,0,83,5,7,2,4.6,4.7,0.1,-0.4,-2.3,-1.9000000000000001
12,17-18,Tommy Smith,Smith,2,1902,0,1,7,0,0,5,50,5,5,0,4.7,4.800000000000001,0.1,-0.3,-0.1999999999999993,0.1
12,17-18,Jonathan Hogg,Hogg,3,2396,0,0,8,1,0,7,53,4.5,5,0.5,4.4,4.3,-0.1,-0.1,-0.7000000000000002,-0.6000000000000001
12,17-18,Elias Kachunga,Kachunga,3,1327,1,1,1,0,0,6,46,6,5.5,-0.5,5.7,5.6000000000000005,-0.1,-0.3,0.10000000000000053,0.4
12,17-18,Laurent Depoitre,Depoitre,4,1807,6,2,1,0,0,4,94,5.5,6,0.5,5,5.2,0.2,-0.5,-0.7999999999999998,-0.30000000000000004
12,17-18,Florent Hadergjonaj,Hadergjonaj,2,1670,0,1,3,0,0,4,51,4.5,5,0.5,4.5,4.3,-0.2,0,-0.7000000000000002,-0.7000000000000001
12,17-18,Alex Pritchard,Pritchard,3,997,1,2,1,0,0,3,40,5.5,5.5,0,5.4,5.2,-0.2,-0.1,-0.2999999999999998,-0.2
12,17-18,Riyad Mahrez,Mahrez,3,2948,12,13,2,0,0,9,195,8.5,8.5,0,8.7,8.8,0.1,0.2,0.3000000000000007,0.1
12,17-18,Marc Albrighton,Albrighton,3,2533,2,8,5,1,0,8,107,5.5,5.5,0,5.5,5.4,-0.1,0,-0.09999999999999964,-0.1
12,17-18,Ahmed Musa,Musa,3,0,0,0,0,0,0,0,0,6.5,4.5,-2,6.1,6.2,0.1,-0.4,1.7000000000000002,2.1
12,17-18,James Milner,Milner,2,1759,0,3,3,0,0,6,77,6.5,5,-1.5,6,6.1000000000000005,0.1,-0.5,1.1000000000000005,1.6
12,17-18,Trent Alexander-Arnold,Alexander-Arnold,2,1573,1,2,3,0,0,8,83,4.5,5.5,1,4.4,4.4,0,-0.1,-1.0999999999999996,-1
12,17-18,Philippe Coutinho,Coutinho,3,1109,7,7,0,0,0,5,103,9,8,-1,9.1,8.700000000000001,-0.4,0.1,0.7000000000000011,0.6000000000000001
12,17-18,Emre Can,Can,3,2089,3,6,8,0,0,8,92,5,6,1,4.9,4.9,0,-0.1,-1.0999999999999996,-1
12,17-18,Oluwaseyi Ojo,Sheyi Ojo,3,0,0,0,0,0,0,0,0,5,4.5,-0.5,5,4.9,-0.1,0,0.40000000000000036,0.4
12,17-18,Sadio Mané,Mané,3,2189,10,8,3,1,0,15,147,9.5,9,-0.5,9.4,9.5,0.1,-0.1,0.5,0.6000000000000001
12,17-18,Georginio Wijnaldum,Wijnaldum,3,2381,1,2,1,0,0,15,85,7,6,-1,6.6,6.6000000000000005,0,-0.4,0.6000000000000005,1
12,17-18,Mohamed Salah,Salah,3,2905,32,12,1,0,0,15,303,9,11.5,2.5,10.6,11,0.4,1.6,-0.5,-2.1
12,17-18,Divock Origi,Origi,4,9,0,0,0,0,0,0,1,7.5,5,-2.5,7.4,7.2,-0.2,-0.1,2.2,2.3000000000000003
12,17-18,Virgil van Dijk,van Dijk,2,2253,0,0,1,0,0,8,78,5.5,5,-0.5,5.7,5.2,-0.5,0.2,0.20000000000000018,0
12,17-18,Andrew Robertson,Robertson,2,1940,1,5,2,0,0,10,111,5,6,1,5,5,0,0,-1,-1
12,17-18,Danny Ward,Ward,1,0,0,0,0,0,0,0,0,4.5,4.5,0,4.4,4.3,-0.1,-0.1,-0.20000000000000018,-0.1
12,17-18,Curtis Jones,Jones,3,0,0,0,0,0,0,0,0,4.5,4.5,0,4.5,4.4,-0.1,0,-0.09999999999999964,-0.1
12,17-18,Nicolás Otamendi,Otamendi,2,2966,4,0,9,0,1,15,156,5.5,5.5,0,6.4,5.7,-0.7000000000000001,0.9,0.20000000000000018,-0.7000000000000001
12,17-18,Raheem Sterling,Sterling,3,2584,18,17,3,1,0,13,229,8,11.5,3.5,9.1,9.3,0.2,1.1,-2.1999999999999993,-3.3000000000000003
12,17-18,David Silva,David Silva,3,2431,9,11,5,0,0,14,169,8,9,1,8.2,8.200000000000001,0,0.2,-0.7999999999999989,-1
12,17-18,Fernando Francisco Reges,Fernando,3,0,0,0,0,0,0,0,0,4.5,4.5,0,4.5,4.4,-0.1,0,-0.09999999999999964,-0.1
12,17-18,Gabriel Fernando de Jesus,Jesus,4,1660,13,7,6,0,0,9,126,10.5,10,-0.5,10.4,10.3,-0.1,-0.1,0.3000000000000007,0.4
12,17-18,Danilo Luiz da Silva,Danilo,2,1340,3,2,2,0,0,9,100,5.5,6,0.5,5,5.4,0.4,-0.5,-0.5999999999999996,-0.1
12,17-18,Phil Foden,Foden,3,45,0,1,0,0,0,0,8,5,5,0,4.7,4.800000000000001,0.1,-0.3,-0.1999999999999993,0.1
12,17-18,David De Gea,De Gea,1,3330,0,0,0,0,0,18,172,5.5,5.5,0,5.9,5.9,0,0.4,0.40000000000000036,0
12,17-18,Sergio Romero,Romero,1,90,0,0,0,0,0,1,7,5,4.5,-0.5,4.7,4.800000000000001,0.1,-0.3,0.3000000000000007,0.6000000000000001
12,17-18,Phil Jones,Jones,2,1973,0,0,2,0,1,15,116,5,6,1,5.5,5,-0.5,0.5,-1,-1.5
12,17-18,Marcos Rojo,Rojo,2,639,0,0,6,0,0,3,23,5.5,5,-0.5,5.4,5.2,-0.2,-0.1,0.20000000000000018,0.30000000000000004
12,17-18,Juan Mata,Mata,3,1919,3,5,1,0,0,15,100,7,6.5,-0.5,6.8,6.7,-0.1,-0.2,0.20000000000000018,0.4
12,17-18,Scott McTominay,McTominay,3,629,0,0,2,0,0,4,21,4.5,5,0.5,4.2,4.4,0.2,-0.3,-0.5999999999999996,-0.30000000000000004
12,17-18,Marcus Rashford,Rashford,4,1799,7,5,3,0,0,10,104,7.5,7.5,0,7.3,7.1000000000000005,-0.2,-0.2,-0.39999999999999947,-0.2
12,17-18,Romelu Lukaku,Lukaku,4,2866,16,7,4,0,0,14,162,11.5,9,-2.5,11.5,11.600000000000001,0.1,0,2.6000000000000014,2.6
12,17-18,Zlatan Ibrahimovic,Ibrahimovic,4,102,0,0,0,0,0,0,5,10,5,-5,9.5,9.5,0,-0.5,4.5,5
12,17-18,Robert Kenedy Nunes do Nascimento,Kenedy,3,1023,2,2,1,0,0,6,51,5,6,1,4.8,4.800000000000001,0,-0.2,-1.1999999999999993,-1
12,17-18,Karl Darlow,Darlow,1,900,0,0,0,0,1,2,33,4.5,4.5,0,4.3,4.3,0,-0.2,-0.20000000000000018,-0
12,17-18,Jonjo Shelvey,Shelvey,3,2264,1,4,2,2,0,6,73,5.5,5,-0.5,5.2,5.2,0,-0.3,0.20000000000000018,0.5
12,17-18,Yoan Gouffran,Gouffran,3,0,0,0,0,0,0,0,0,5,4.5,-0.5,5,4.9,-0.1,0,0.40000000000000036,0.4
12,17-18,Jack Colback,Colback,3,0,0,0,0,0,0,0,0,4.5,4.5,0,4.2,4.4,0.2,-0.3,-0.09999999999999964,0.2
12,17-18,Javier Manquillo,Manquillo,2,1757,0,1,2,0,0,4,49,4.5,5,0.5,4.2,4.3,0.1,-0.3,-0.7000000000000002,-0.4
12,17-18,Jack Stephens,Stephens,2,1980,2,0,6,1,0,5,58,5,5,0,4.5,4.800000000000001,0.30000000000000004,-0.5,-0.1999999999999993,0.30000000000000004
12,17-18,Steven Davis,Davis,3,1515,3,2,0,0,0,4,71,5,6,1,4.7,4.7,0,-0.3,-1.2999999999999998,-1
12,17-18,Pierre-Emile Højbjerg,Højbjerg,3,1666,0,0,6,0,0,3,39,4.5,5,0.5,4.3,4.3,0,-0.2,-0.7000000000000002,-0.5
12,17-18,Shane Long,Long,4,1570,2,2,6,0,0,4,53,6,6,0,5.6,5.6000000000000005,0,-0.4,-0.39999999999999947,0
12,17-18,Charlie Austin,Austin,4,1024,7,1,2,0,0,4,72,6.5,7,0.5,5.8,6.1000000000000005,0.30000000000000004,-0.7,-0.8999999999999995,-0.2
12,17-18,Mario Lemina,Lemina,3,1715,1,1,2,0,0,4,58,5,5.5,0.5,4.8,4.7,-0.1,-0.2,-0.7999999999999998,-0.6000000000000001
12,17-18,Wesley Hoedt,Hoedt,2,2520,0,2,7,0,0,5,74,5,5,0,5,4.800000000000001,-0.2,0,-0.1999999999999993,-0.2
12,17-18,Guido Carrillo,Carrillo,4,449,0,1,0,0,0,1,15,6.5,5.5,-1,5.9,6.2,0.30000000000000004,-0.6,0.7000000000000002,1.3
12,17-18,Jack Butland,Butland,1,3150,0,0,0,0,1,6,125,5,4.5,-0.5,5,5,0,0,0.5,0.5
12,17-18,Geoff Cameron,Cameron,2,1522,0,0,2,0,0,2,33,4.5,4.5,0,4.3,4.3,0,-0.2,-0.20000000000000018,-0
12,17-18,Giannelli Imbula,Imbula,3,0,0,0,0,0,0,0,0,4.5,4.5,0,4.5,4.4,-0.1,0,-0.09999999999999964,-0.1
12,17-18,Stephen Ireland,Ireland,3,128,0,0,1,0,0,0,4,4.5,5,0.5,4.5,4.4,-0.1,0,-0.5999999999999996,-0.6000000000000001
12,17-18,Konstantinos Stafylidis,Stafylidis,2,334,0,0,0,0,0,0,6,4.5,4.5,0,4.3,4.3,0,-0.2,-0.20000000000000018,-0
12,17-18,Papa Alioune Ndiaye,Badou Ndiaye,3,1138,2,1,5,0,0,2,41,5.5,5.5,0,5,5.2,0.2,-0.5,-0.2999999999999998,0.2
12,17-18,Andy King,King,3,1247,3,1,2,0,0,1,51,4.5,5.5,1,4.2,4.3,0.1,-0.3,-1.2000000000000002,-0.9
12,17-18,Federico Fernández,Fernández,2,2676,1,1,5,0,1,7,85,4.5,5,0.5,4.5,4.4,-0.1,0,-0.5999999999999996,-0.6000000000000001
12,17-18,Martin Olsson,Olsson,2,3149,0,1,7,0,0,10,89,5,5,0,5,4.800000000000001,-0.2,0,-0.1999999999999993,-0.2
12,17-18,Sung-yueng Ki,Ki Sung-yueng,3,1865,2,2,2,0,0,5,73,5,5.5,0.5,4.6,4.7,0.1,-0.4,-0.7999999999999998,-0.4
12,17-18,Sam Clucas,Clucas,3,2039,3,1,2,0,0,5,75,5,5.5,0.5,4.7,4.7,0,-0.3,-0.7999999999999998,-0.5
12,17-18,Renato Sanches,Sanches,3,699,0,0,1,0,0,2,20,5,5,0,4.3,4.800000000000001,0.5,-0.7,-0.1999999999999993,0.5
12,17-18,Connor Roberts,Roberts,2,267,0,0,0,0,0,0,7,4,4.5,0.5,4,3.9000000000000004,-0.1,0,-0.5999999999999996,-0.6000000000000001
12,17-18,Jan Vertonghen,Vertonghen,2,3203,0,1,4,0,0,16,138,6,5.5,-0.5,6.1,5.9,-0.2,0.1,0.40000000000000036,0.30000000000000004
12,17-18,Kieran Trippier,Trippier,2,1912,0,7,1,0,0,9,113,5.5,6,0.5,5.2,5.4,0.2,-0.3,-0.5999999999999996,-0.30000000000000004
12,17-18,Vincent Janssen,Janssen,4,1,0,0,0,0,0,0,1,7.5,5,-2.5,7.4,7.2,-0.2,-0.1,2.2,2.3000000000000003
12,17-18,Davinson Sánchez,Sánchez,2,2532,0,0,1,1,1,13,107,6,5,-1,6,5.7,-0.30000000000000004,0,0.7000000000000002,0.7000000000000001
12,17-18,Paulo Gazzaniga,Gazzaniga,1,90,0,0,0,0,0,1,9,4.5,4.5,0,4.2,4.3,0.1,-0.3,-0.20000000000000018,0.1
12,17-18,Andre Gray,Gray,4,1486,5,3,1,0,0,5,79,6.5,6.5,0,6.3,6.1000000000000005,-0.2,-0.2,-0.39999999999999947,-0.2
12,17-18,Craig Cathcart,Cathcart,2,495,0,0,1,0,0,1,14,4.5,4.5,0,4.4,4.3,-0.1,-0.1,-0.20000000000000018,-0.1
12,17-18,Daryl Janmaat,Janmaat,2,1818,3,1,3,0,0,2,59,5,5,0,4.8,4.7,-0.1,-0.2,-0.2999999999999998,-0.1
12,17-18,Roberto Pereyra,Pereyra,3,1610,5,3,3,0,0,1,81,6,6,0,5.8,5.6000000000000005,-0.2,-0.2,-0.39999999999999947,-0.2
12,17-18,Will Hughes,Hughes,3,987,2,3,0,0,0,4,53,5,6,1,4.6,4.7,0.1,-0.4,-1.2999999999999998,-0.9
12,17-18,Carl Stewart,Stewart,3,0,0,0,0,0,0,0,0,4.5,4.5,0,4.5,4.4,-0.1,0,-0.09999999999999964,-0.1
12,17-18,Dodi Lukebakio,Lukebakio,3,15,0,0,0,0,0,0,1,5,5,0,4.8,4.800000000000001,0,-0.2,-0.1999999999999993,0
12,17-18,Kieran Gibbs,Gibbs,2,2826,0,2,3,0,0,8,86,5,5,0,5,4.800000000000001,-0.2,0,-0.1999999999999993,-0.2
12,17-18,Daniel Sturridge,Sturridge,4,541,2,1,0,0,0,3,32,8,6,-2,7.9,7.6000000000000005,-0.30000000000000004,-0.1,1.6000000000000005,1.7000000000000002
12,17-18,Craig Dawson,Dawson,2,2510,2,1,6,0,0,8,87,5,5,0,4.8,4.9,0.1,-0.2,-0.09999999999999964,0.1
12,17-18,Sam Field,Field,3,534,1,0,3,0,0,4,23,4.5,5.5,1,4.4,4.4,0,-0.1,-1.0999999999999996,-1
12,17-18,Salomón Rondón,Rondón,4,2765,7,3,4,0,0,6,103,6.5,6,-0.5,6,6.1000000000000005,0.1,-0.5,0.10000000000000053,0.6000000000000001
12,17-18,Jay Rodriguez,Rodriguez,4,2807,7,1,2,0,0,10,109,6,6,0,5.4,5.7,0.30000000000000004,-0.6,-0.2999999999999998,0.30000000000000004
12,17-18,Ali Gabr,Gabr,2,0,0,0,0,0,0,0,0,4.5,4.5,0,4.2,4.4,0.2,-0.3,-0.09999999999999964,0.2
12,17-18,Adrián San Miguel del Castillo,Adrián,1,1710,0,0,2,0,0,6,72,4.5,5,0.5,4,4.4,0.4,-0.5,-0.5999999999999996,-0.1
12,17-18,Pablo Zabaleta,Zabaleta,2,3289,0,1,9,0,1,10,90,5,4.5,-0.5,4.9,4.800000000000001,-0.1,-0.1,0.3000000000000007,0.4
12,17-18,Javier Hernández Balcázar,Chicharito,4,1537,8,2,3,0,0,6,93,7,7,0,6.7,6.6000000000000005,-0.1,-0.3,-0.39999999999999947,-0.1
12,17-18,Declan Rice,Rice,2,1421,0,0,1,0,0,3,41,4.5,4.5,0,4.4,4.3,-0.1,-0.1,-0.20000000000000018,-0.1
12,17-18,Ben Johnson,Johnson,3,0,0,0,0,0,0,0,0,4.5,4.5,0,4.4,4.4,0,-0.1,-0.09999999999999964,0
12,17-18,Nathan Trott,Trott,1,0,0,0,0,0,0,0,0,4,4.5,0.5,4,3.9000000000000004,-0.1,0,-0.5999999999999996,-0.6000000000000001
12,17-18,Reece Burke,Burke,2,0,0,0,0,0,0,0,0,4,4.5,0.5,4,3.9000000000000004,-0.1,0,-0.5999999999999996,-0.6000000000000001
12,17-18,Josh Cullen,Cullen,3,6,0,0,0,0,0,0,2,4.5,5,0.5,4.5,4.4,-0.1,0,-0.5999999999999996,-0.6000000000000001
12,17-18,João Mário Naval Costa Eduardo,João Mário,3,1021,2,1,0,0,0,4,46,6.5,6,-0.5,6,6.1000000000000005,0.1,-0.5,0.10000000000000053,0.6000000000000001
12,17-18,Reece Oxford,Oxford,2,4,0,0,0,0,0,0,1,4.5,4.5,0,4.5,4.4,-0.1,0,-0.09999999999999964,-0.1
12,17-18,Patrice Evra,Evra,2,227,0,0,0,0,0,0,2,4.5,4.5,0,4.1,4.3,0.2,-0.4,-0.20000000000000018,0.2
12,17-18,Marcus Browne,Browne,3,0,0,0,0,0,0,0,0,4.5,4.5,0,4.5,4.4,-0.1,0,-0.09999999999999964,-0.1
12,17-18,Grady Diangana,Diangana,3,0,0,0,0,0,0,0,0,4.5,4.5,0,4.5,4.4,-0.1,0,-0.09999999999999964,-0.1
13,18-19,Bernd Leno,Leno,1,2835,0,0,0,0,0,6,106,5,4.5,-0.5,4.9,4.9,0,-0.1,0.40000000000000036,0.5
13,18-19,Alex Iwobi,Iwobi,3,1961,3,8,0,0,0,4,99,5.5,6.5,1,5.4,5.300000000000001,-0.1,-0.1,-1.1999999999999993,-1.1
13,18-19,Henrikh Mkhitaryan,Mkhitaryan,3,1637,6,4,1,0,0,3,98,7,6.5,-0.5,6.6,6.6000000000000005,0,-0.4,0.10000000000000053,0.5
13,18-19,Ainsley Maitland-Niles,Maitland-Niles,3,983,1,1,1,1,0,2,34,4.5,5,0.5,4.4,4.3,-0.1,-0.1,-0.7000000000000002,-0.6000000000000001
13,18-19,Pierre-Emerick Aubameyang,Aubameyang,4,2722,22,7,0,0,0,7,205,11,10,-1,10.8,11.3,0.5,-0.2,1.3000000000000007,1.5
13,18-19,Bukayo Saka,Saka,3,7,0,0,0,0,0,0,1,4.5,5,0.5,4.5,4.4,-0.1,0,-0.5999999999999996,-0.6000000000000001
13,18-19,Denis Suárez,Suárez,3,67,0,0,0,0,0,0,4,6.5,5,-1.5,5.7,6.2,0.5,-0.8,1.2000000000000002,2
13,18-19,Steve Cook,Steve Cook,2,2786,1,1,3,0,1,9,85,4.5,5,0.5,4.3,4.4,0.1,-0.2,-0.5999999999999996,-0.4
13,18-19,Nathan Aké,Aké,2,3411,4,1,3,0,0,10,120,5,5,0,5.1,5,-0.1,0.1,0,-0.1
13,18-19,Andrew Surman,Surman,3,1438,0,0,2,0,0,4,36,5,5,0,4.6,4.7,0.1,-0.4,-0.2999999999999998,0.1
13,18-19,Junior Stanislas,Stanislas,3,1021,2,3,1,0,0,2,56,6,6,0,6,5.6000000000000005,-0.4,0,-0.39999999999999947,-0.4
13,18-19,Lewis Cook,Lewis Cook,3,719,0,0,2,0,0,3,22,5,5,0,4.6,4.800000000000001,0.2,-0.4,-0.1999999999999993,0.2
13,18-19,Callum Wilson,Wilson,4,2528,14,12,3,0,0,9,168,6,9.5,3.5,6.9,6.5,-0.4,0.9,-3,-3.9000000000000004
13,18-19,Jefferson Lerma,Lerma,3,2505,2,2,12,0,1,9,75,4.5,5,0.5,4.5,4.4,-0.1,0,-0.5999999999999996,-0.6000000000000001
13,18-19,Kyle Taylor,Taylor,3,0,0,0,0,0,0,0,0,4.5,4.5,0,4.5,4.4,-0.1,0,-0.09999999999999964,-0.1
13,18-19,Lewis Dunk,Dunk,2,3151,2,1,5,1,0,7,91,4.5,5,0.5,4.4,4.5,0.1,-0.1,-0.5,-0.4
13,18-19,Shane Duffy,Duffy,2,3087,5,2,4,1,0,7,115,4.5,5,0.5,4.7,4.7,0,0.2,-0.2999999999999998,-0.5
13,18-19,Bruno Saltor Grau,Bruno,2,1131,0,1,2,0,0,4,46,4.5,5,0.5,4.4,4.3,-0.1,-0.1,-0.7000000000000002,-0.6000000000000001
13,18-19,Ezequiel Schelotto,Schelotto,2,0,0,0,0,0,0,0,0,4,4.5,0.5,3.8,3.9000000000000004,0.1,-0.2,-0.5999999999999996,-0.4
13,18-19,Dale Stephens,Stephens,3,2484,1,1,6,1,0,5,65,4.5,5,0.5,4.3,4.3,0,-0.2,-0.7000000000000002,-0.5
13,18-19,Pascal Groß,Groß,3,1864,3,3,1,0,0,3,80,7,6,-1,6.7,6.5,-0.2,-0.3,0.5,0.8
13,18-19,Davy Pröpper,Pröpper,3,2546,1,1,2,0,0,4,72,5,5,0,4.8,4.7,-0.1,-0.2,-0.2999999999999998,-0.1
13,18-19,Martín Montoya,Montoya,2,2166,0,1,4,0,0,3,45,4.5,4.5,0,4.3,4.3,0,-0.2,-0.20000000000000018,-0
13,18-19,Stephen Ward,Ward,2,228,0,0,1,0,0,1,7,5,4.5,-0.5,4.7,4.800000000000001,0.1,-0.3,0.3000000000000007,0.6000000000000001
13,18-19,James Tarkowski,Tarkowski,2,3086,3,2,8,0,0,7,97,5,5,0,4.7,4.9,0.2,-0.3,-0.09999999999999964,0.2
13,18-19,Kevin Long,Long,2,513,0,1,0,0,0,1,16,4.5,4.5,0,4.1,4.3,0.2,-0.4,-0.20000000000000018,0.2
13,18-19,Jack Cork,Cork,3,3312,1,2,6,0,0,8,87,5,5,0,4.6,4.7,0.1,-0.4,-0.2999999999999998,0.1
13,18-19,Ben Gibson,Gibson,2,62,1,0,1,0,0,0,6,5,4.5,-0.5,4.8,4.800000000000001,0,-0.2,0.3000000000000007,0.5
13,18-19,Matej Vydra,Vydra,4,310,1,1,1,0,0,0,21,6,6,0,5.6,5.7,0.1,-0.4,-0.2999999999999998,0.1
13,18-19,Dwight McNeil,McNeil,3,1590,3,4,2,0,0,5,75,4.5,6,1.5,4.4,4.4,0,-0.1,-1.5999999999999996,-1.5
13,18-19,Josh Benson,Benson,3,0,0,0,0,0,0,0,0,4.5,4.5,0,4.5,4.4,-0.1,0,-0.09999999999999964,-0.1
13,18-19,Neil Etheridge,Etheridge,1,3420,0,0,2,0,0,10,154,4.5,5,0.5,4.6,4.800000000000001,0.2,0.1,-0.1999999999999993,-0.30000000000000004
13,18-19,Matthew Connolly,Connolly,2,0,0,0,0,0,0,0,0,4,4.5,0.5,3.8,3.9000000000000004,0.1,-0.2,-0.5999999999999996,-0.4
13,18-19,David Junior Hoilett,Hoilett,3,2134,3,2,4,0,0,6,82,5.5,5.5,0,5,5.2,0.2,-0.5,-0.2999999999999998,0.2
13,18-19,Callum Paterson,Paterson,3,1993,4,2,4,0,0,5,80,5.5,5.5,0,4.8,5.2,0.4,-0.7,-0.2999999999999998,0.4
13,18-19,Aron Gunnarsson,Gunnarsson,3,2266,1,1,5,0,0,6,65,4.5,5,0.5,4.4,4.3,-0.1,-0.1,-0.7000000000000002,-0.6000000000000001
13,18-19,Loïc Damour,Damour,3,21,0,0,0,0,0,0,2,4.5,5,0.5,4.3,4.4,0.1,-0.2,-0.5999999999999996,-0.4
13,18-19,Willy Caballero,Caballero,1,180,0,0,0,0,0,2,13,5,4.5,-0.5,4.7,4.800000000000001,0.1,-0.3,0.3000000000000007,0.6000000000000001
13,18-19,Victor Moses,Moses,2,26,0,0,0,0,0,0,2,6,4.5,-1.5,5.5,5.7,0.2,-0.5,1.2000000000000002,1.7000000000000002
13,18-19,Antonio Rüdiger,Rüdiger,2,2871,1,2,7,0,0,12,116,6,5,-1,5.9,5.800000000000001,-0.1,-0.1,0.8000000000000007,0.9
13,18-19,N'Golo Kanté,Kanté,3,3092,4,4,3,0,0,14,116,5,6,1,4.9,5,0.1,-0.1,-1,-0.9
13,18-19,Daniel Drinkwater,Drinkwater,3,0,0,0,0,0,0,0,0,5,4.5,-0.5,4.6,4.9,0.30000000000000004,-0.4,0.40000000000000036,0.8
13,18-19,Callum Hudson-Odoi,Hudson-Odoi,3,388,0,1,0,0,0,2,18,4.5,5.5,1,4.2,4.3,0.1,-0.3,-1.2000000000000002,-0.9
13,18-19,Ruben Loftus-Cheek,Loftus-Cheek,3,980,6,2,0,0,0,5,79,5.5,7,1.5,5.2,5.2,0,-0.3,-1.7999999999999998,-1.5
13,18-19,Gonzalo Higuaín,Higuaín,4,1084,5,0,0,0,0,5,53,9.5,6.5,-3,9,9.1,0.1,-0.5,2.5999999999999996,3.1
13,18-19,Vicente Guaita,Guaita,1,1754,0,0,2,0,0,7,81,4.5,5,0.5,4.3,4.4,0.1,-0.2,-0.5999999999999996,-0.4
13,18-19,James Tomkins,Tomkins,2,2561,1,1,6,0,0,10,86,4.5,5,0.5,4.3,4.5,0.2,-0.2,-0.5,-0.30000000000000004
13,18-19,Andros Townsend,Townsend,3,3007,6,5,1,0,0,11,135,6,6,0,5.6,6,0.4,-0.4,0,0.4
13,18-19,Christian Benteke,Benteke,4,807,1,1,1,0,0,3,33,6.5,6,-0.5,6.3,6.1000000000000005,-0.2,-0.2,0.10000000000000053,0.30000000000000004
13,18-19,Pape Souaré,Souaré,2,1,0,0,0,0,0,0,1,4.5,4.5,0,4.2,4.4,0.2,-0.3,-0.09999999999999964,0.2
13,18-19,Sullay Kaikai,Kaikai,3,0,0,0,0,0,0,0,0,4.5,4.5,0,4.3,4.4,0.1,-0.2,-0.09999999999999964,0.1
13,18-19,Lucas Perri,Perri,1,0,0,0,0,0,0,0,0,4,4.5,0.5,4,3.9000000000000004,-0.1,0,-0.5999999999999996,-0.6000000000000001
13,18-19,Michy Batshuayi,Batshuayi,4,748,5,1,0,0,0,3,48,6.5,6.5,0,6.2,6.1000000000000005,-0.1,-0.3,-0.39999999999999947,-0.1
13,18-19,Sam Woods,Woods,2,0,0,0,0,0,0,0,0,4,4.5,0.5,4,3.9000000000000004,-0.1,0,-0.5999999999999996,-0.6000000000000001
13,18-19,Nikola Tavares,Tavares,2,0,0,0,0,0,0,0,0,4,4.5,0.5,4,3.9000000000000004,-0.1,0,-0.5999999999999996,-0.6000000000000001
13,18-19,Ashley Williams,Williams,2,0,0,0,0,0,0,0,0,4.5,4.5,0,4.5,4.4,-0.1,0,-0.09999999999999964,-0.1
13,18-19,Mason Holgate,Holgate,2,407,0,0,1,0,0,0,5,4.5,4.5,0,4.3,4.3,0,-0.2,-0.20000000000000018,-0
13,18-19,Jonjoe Kenny,Kenny,2,789,0,1,1,0,0,1,19,4.5,4.5,0,4.1,4.3,0.2,-0.4,-0.20000000000000018,0.2
13,18-19,Cuco Martina,Martina,2,0,0,0,0,0,0,0,0,4.5,4.5,0,4.5,4.4,-0.1,0,-0.09999999999999964,-0.1
13,18-19,Morgan Schneiderlin,Schneiderlin,3,832,0,1,2,0,0,5,28,4.5,5.5,1,4.2,4.3,0.1,-0.3,-1.2000000000000002,-0.9
13,18-19,Idrissa Gueye,Gueye,3,2821,0,2,6,0,0,13,78,5,5,0,4.7,4.800000000000001,0.1,-0.3,-0.1999999999999993,0.1
13,18-19,Davy Klaassen,Klaassen,3,0,0,0,0,0,0,0,0,6,4.5,-1.5,6,5.800000000000001,-0.2,0,1.3000000000000007,1.3
13,18-19,Gylfi Sigurdsson,Sigurdsson,3,3122,13,6,3,0,0,15,182,7.5,7.5,0,7.4,7.9,0.5,-0.1,0.40000000000000036,0.5
13,18-19,Beni Baningime,Baningime,3,0,0,0,0,0,0,0,0,4.5,4.5,0,4.3,4.4,0.1,-0.2,-0.09999999999999964,0.1
13,18-19,Cenk Tosun,Tosun,4,1044,3,3,3,0,0,1,56,7,6.5,-0.5,6.4,6.5,0.1,-0.6,0,0.6000000000000001
13,18-19,Sandro Ramírez,Sandro,4,0,0,0,0,0,0,0,0,5.5,5,-0.5,5.4,5.4,0,-0.1,0.40000000000000036,0.5
13,18-19,Calum Chambers,Chambers,2,2586,2,0,9,0,0,5,60,4.5,5,0.5,4.2,4.4,0.2,-0.3,-0.5999999999999996,-0.30000000000000004
13,18-19,Ryan Sessegnon,Sessegnon,3,2291,2,7,0,0,0,3,94,6.5,6,-0.5,6,6.1000000000000005,0.1,-0.5,0.10000000000000053,0.6000000000000001
13,18-19,Aboubakar Kamara,Kamara,4,688,3,0,2,0,0,1,28,4.5,6,1.5,4.5,4.3,-0.2,0,-1.7000000000000002,-1.7000000000000002
13,18-19,Timothy Fosu-Mensah,Fosu-Mensah,2,791,0,0,3,0,1,1,14,4.5,4.5,0,4.5,4.3,-0.2,0,-0.20000000000000018,-0.2
13,18-19,Ibrahima Cissé,Cissé,3,86,0,0,0,0,0,0,4,4.5,5,0.5,4.3,4.4,0.1,-0.2,-0.5999999999999996,-0.4
13,18-19,Zeze Steven Sessegnon,Steven Sessegnon,2,0,0,0,0,0,0,0,0,4,4.5,0.5,4,3.9000000000000004,-0.1,0,-0.5999999999999996,-0.6000000000000001
13,18-19,Lazar Markovic,Markovic,3,45,0,0,0,0,0,0,1,5,4.5,-0.5,4.7,4.800000000000001,0.1,-0.3,0.3000000000000007,0.6000000000000001
13,18-19,Jonas Lössl,Lössl,1,2777,0,1,1,0,0,5,99,4.5,4.5,0,4.4,4.5,0.1,-0.1,0,0.1
13,18-19,Chris Löwe,Löwe,2,2052,0,4,2,0,0,1,49,4.5,5,0.5,4.4,4.3,-0.1,-0.1,-0.7000000000000002,-0.6000000000000001
13,18-19,Mathias Jorgensen,Zanka,2,2147,3,1,6,0,0,3,67,4.5,5,0.5,4.4,4.4,0,-0.1,-0.5999999999999996,-0.5
13,18-19,Jonathan Hogg,Hogg,3,2369,0,1,8,1,0,5,54,4.5,5,0.5,4.4,4.3,-0.1,-0.1,-0.7000000000000002,-0.6000000000000001
13,18-19,Philip Billing,Billing,3,2187,2,0,7,0,0,5,63,4.5,5,0.5,4.5,4.3,-0.2,0,-0.7000000000000002,-0.7000000000000001
13,18-19,Tom Ince,Ince,3,0,0,0,0,0,0,0,0,5,4.5,-0.5,5,4.9,-0.1,0,0.40000000000000036,0.4
13,18-19,Ramadan Sobhi,Sobhi,3,75,0,0,0,0,0,0,4,5,5,0,4.7,4.800000000000001,0.1,-0.3,-0.1999999999999993,0.1
13,18-19,Laurent Depoitre,Depoitre,4,1058,0,1,1,0,0,0,34,5.5,5.5,0,5.1,5.2,0.1,-0.4,-0.2999999999999998,0.1
13,18-19,Elias Kachunga,Kachunga,4,1175,0,0,2,0,0,1,29,5,5.5,0.5,4.8,4.800000000000001,0,-0.2,-0.6999999999999993,-0.5
13,18-19,Erik Durm,Durm,2,2049,0,1,0,0,0,3,49,4.5,4.5,0,4.4,4.3,-0.1,-0.1,-0.20000000000000018,-0.1
13,18-19,Adama Diakhaby,Diakhaby,3,548,0,1,1,0,0,1,19,5,5,0,4.5,4.800000000000001,0.30000000000000004,-0.5,-0.1999999999999993,0.30000000000000004
13,18-19,Jon Gorenc Stankovic,Stankovic,2,715,1,0,2,0,0,2,24,4,5,1,3.9,3.9000000000000004,0,-0.1,-1.0999999999999996,-1
13,18-19,Joel Coleman,Coleman,1,90,0,0,0,0,0,0,2,4,4.5,0.5,4,3.9000000000000004,-0.1,0,-0.5999999999999996,-0.6000000000000001
13,18-19,Christian Fuchs,Fuchs,2,206,0,0,0,0,0,0,3,4.5,4.5,0,4.1,4.3,0.2,-0.4,-0.20000000000000018,0.2
13,18-19,Benjamin Chilwell,Chilwell,2,3240,0,5,4,0,0,10,118,5,5,0,5,5,0,0,0,0
13,18-19,Marc Albrighton,Albrighton,3,1617,2,2,3,0,0,5,63,5.5,5.5,0,5.1,5.2,0.1,-0.4,-0.2999999999999998,0.1
13,18-19,Demarai Gray,Gray,3,1978,4,1,2,0,0,6,84,5.5,5.5,0,5.4,5.2,-0.2,-0.1,-0.2999999999999998,-0.2
13,18-19,Filip Benkovic,Benkovic,2,0,0,0,0,0,0,0,0,5,4.5,-0.5,5,4.800000000000001,-0.2,0,0.3000000000000007,0.30000000000000004
13,18-19,Çaglar Söyüncü,Söyüncü,2,371,0,0,1,0,0,0,9,5,4.5,-0.5,4.8,4.800000000000001,0,-0.2,0.3000000000000007,0.5
13,18-19,Dejan Lovren,Lovren,2,986,1,1,1,0,0,6,63,5,5.5,0.5,4.9,4.800000000000001,-0.1,-0.1,-0.6999999999999993,-0.6000000000000001
13,18-19,Alberto Moreno,Moreno,2,154,0,0,0,0,0,0,4,4.5,4.5,0,4.1,4.3,0.2,-0.4,-0.20000000000000018,0.2
13,18-19,Andrew Robertson,Robertson,2,3216,0,12,4,0,0,21,213,6,6.5,0.5,6.7,6.800000000000001,0.1,0.7,0.3000000000000007,-0.4
13,18-19,Jordan Henderson,Henderson,3,1976,1,3,1,1,0,12,76,5.5,5.5,0,5.3,5.300000000000001,0,-0.2,-0.1999999999999993,0
13,18-19,Daniel Sturridge,Sturridge,4,498,2,1,1,0,0,2,34,6,6,0,5.6,5.7,0.1,-0.4,-0.2999999999999998,0.1
13,18-19,Ederson Santana de Moraes,Ederson,1,3420,0,1,2,0,0,20,169,5.5,5.5,0,5.7,5.9,0.2,0.2,0.40000000000000036,0.2
13,18-19,Oleksandr Zinchenko,Zinchenko,3,1151,0,3,1,0,0,9,44,5,6,1,4.7,4.800000000000001,0.1,-0.3,-1.1999999999999993,-0.9
13,18-19,Ander Herrera,Herrera,3,1397,2,3,4,0,0,5,62,5,6,1,5,4.800000000000001,-0.2,0,-1.1999999999999993,-1.2000000000000002
13,18-19,Lee Grant,Grant,1,0,0,0,0,0,0,0,0,5,4.5,-0.5,4.8,4.800000000000001,0,-0.2,0.3000000000000007,0.5
13,18-19,James Garner,Garner,3,1,0,0,0,0,0,0,1,4.5,5,0.5,4.5,4.4,-0.1,0,-0.5999999999999996,-0.6000000000000001
13,18-19,Tahith Chong,Chong,3,37,0,0,0,0,0,0,2,4.5,5,0.5,4.5,4.4,-0.1,0,-0.5999999999999996,-0.6000000000000001
13,18-19,Mason Greenwood,Greenwood,4,115,0,0,0,0,0,0,4,4.5,5,0.5,4.5,4.5,0,0,-0.5,-0.5
13,18-19,Ciaran Clark,Clark,2,857,3,0,1,0,0,2,42,4.5,5,0.5,4.5,4.3,-0.2,0,-0.7000000000000002,-0.7000000000000001
13,18-19,Christian Atsu,Atsu,3,1481,1,1,2,0,0,6,55,5.5,5.5,0,5.1,5.2,0.1,-0.4,-0.2999999999999998,0.1
13,18-19,Mikel Merino,Merino,3,0,0,0,0,0,0,0,0,5,4.5,-0.5,5,4.9,-0.1,0,0.40000000000000036,0.4
13,18-19,Jose Luis Mato Sanmartín,Joselu,4,586,2,0,1,0,0,1,30,5,6,1,4.7,4.800000000000001,0.1,-0.3,-1.1999999999999993,-0.9
13,18-19,Fabian Schär,Schär,2,2000,4,1,12,0,0,7,93,5,5.5,0.5,4.5,4.9,0.4,-0.5,-0.5999999999999996,-0.1
13,18-19,Federico Fernández,Fernández,2,1482,0,2,2,0,0,3,47,4.5,5,0.5,4.4,4.3,-0.1,-0.1,-0.7000000000000002,-0.6000000000000001
13,18-19,Sean Longstaff,Longstaff,3,686,1,1,2,0,0,3,26,4.5,5.5,1,4.5,4.3,-0.2,0,-1.2000000000000002,-1.2000000000000002
13,18-19,Kelland Watts,Watts,3,0,0,0,0,0,0,0,0,4.5,4.5,0,4.5,4.4,-0.1,0,-0.09999999999999964,-0.1
13,18-19,Sam McQueen,McQueen,2,0,0,0,0,0,0,0,0,4,4.5,0.5,4,3.9000000000000004,-0.1,0,-0.5999999999999996,-0.6000000000000001
13,18-19,Wesley Hoedt,Hoedt,2,1170,0,0,2,0,2,4,29,4.5,5,0.5,4.2,4.3,0.1,-0.3,-0.7000000000000002,-0.4
13,18-19,Steven Davis,Davis,3,97,0,1,0,0,0,0,9,5,5,0,4.6,4.800000000000001,0.2,-0.4,-0.1999999999999993,0.2
13,18-19,Oriol Romeu Vidal,Oriol Romeu,3,2131,1,0,11,0,0,6,55,4.5,5,0.5,4.2,4.3,0.1,-0.3,-0.7000000000000002,-0.4
13,18-19,Sofiane Boufal,Boufal,3,0,0,0,0,0,0,0,0,5.5,4.5,-1,5.5,5.300000000000001,-0.2,0,0.8000000000000007,0.8
13,18-19,Mario Lemina,Lemina,3,1612,1,2,5,0,0,4,50,5,5,0,4.7,4.7,0,-0.3,-0.2999999999999998,0
13,18-19,Danny Rose,Rose,2,1792,0,4,5,0,0,8,86,6,5.5,-0.5,5.8,5.7,-0.1,-0.2,0.20000000000000018,0.4
13,18-19,Serge Aurier,Aurier,2,562,0,2,1,0,0,2,24,6,5,-1,5.7,5.7,0,-0.3,0.7000000000000002,1
13,18-19,Eric Dier,Dier,3,1504,3,0,4,0,0,5,56,5,5.5,0.5,4.7,4.7,0,-0.3,-0.7999999999999998,-0.5
13,18-19,Mousa Dembélé,Dembélé,3,512,0,0,1,0,0,1,14,5,5,0,4.9,4.800000000000001,-0.1,-0.1,-0.1999999999999993,-0.1
13,18-19,Erik Lamela,Lamela,3,965,4,4,2,0,0,4,67,6.5,7,0.5,5.9,6.1000000000000005,0.2,-0.6,-0.8999999999999995,-0.30000000000000004
13,18-19,Bamidele Alli,Alli,3,1822,5,4,4,0,0,8,94,9,6.5,-2.5,8.8,8.6,-0.2,-0.2,2.0999999999999996,2.3000000000000003
13,18-19,Moussa Sissoko,Sissoko,3,2329,0,3,2,0,0,11,76,5,5.5,0.5,4.9,4.800000000000001,-0.1,-0.1,-0.6999999999999993,-0.6000000000000001
13,18-19,Fernando Llorente,Llorente,4,681,1,4,2,0,1,2,41,6,6.5,0.5,5.1,5.6000000000000005,0.5,-0.9,-0.8999999999999995,0
13,18-19,Paulo Gazzaniga,Gazzaniga,1,270,0,0,0,0,0,1,13,4.5,4.5,0,4.5,4.3,-0.2,0,-0.20000000000000018,-0.2
13,18-19,Kazaiah Sterling,Sterling,4,0,0,0,0,0,0,0,0,4.5,5,0.5,4.5,4.5,0,0,-0.5,-0.5
13,18-19,Heurelho Gomes,Gomes,1,0,0,0,0,0,0,0,0,4.5,4.5,0,4.2,4.3,0.1,-0.3,-0.20000000000000018,0.1
13,18-19,Sebastian Prödl,Prödl,2,13,0,0,0,0,0,0,1,4.5,4.5,0,4.2,4.4,0.2,-0.3,-0.09999999999999964,0.2
13,18-19,Miguel Britos,Britos,2,184,0,0,0,0,0,0,3,4.5,4.5,0,4.3,4.3,0,-0.2,-0.20000000000000018,-0
13,18-19,Francisco Femenía Far,Kiko Femenía,2,2043,1,1,1,0,0,4,66,4.5,5,0.5,4.2,4.3,0.1,-0.3,-0.7000000000000002,-0.4
13,18-19,Troy Deeney,Deeney,4,2542,9,5,4,1,0,5,116,6,6.5,0.5,5.8,5.800000000000001,0,-0.2,-0.6999999999999993,-0.5
13,18-19,Ben Wilmot,Wilmot,2,26,0,0,0,0,0,0,1,4,4.5,0.5,4,3.9000000000000004,-0.1,0,-0.5999999999999996,-0.6000000000000001
13,18-19,Ryan Fredericks,Fredericks,2,1084,1,0,5,0,0,3,38,5,5,0,4.5,4.800000000000001,0.30000000000000004,-0.5,-0.1999999999999993,0.30000000000000004
13,18-19,Issa Diop,Diop,2,2970,1,0,4,0,1,7,87,4.5,4.5,0,4.2,4.4,0.2,-0.3,-0.09999999999999964,0.2
13,18-19,Michail Antonio,Antonio,3,2093,6,8,3,0,0,7,118,7,7,0,6.8,6.800000000000001,0,-0.2,-0.1999999999999993,0
13,18-19,Jordan Hugill,Hugill,4,0,0,0,0,0,0,0,0,5,5,0,5,4.9,-0.1,0,-0.09999999999999964,-0.1
13,18-19,Andriy Yarmolenko,Yarmolenko,3,456,2,1,2,0,0,1,27,7,5.5,-1.5,6.7,6.6000000000000005,-0.1,-0.3,1.1000000000000005,1.4000000000000001
13,18-19,Robert Snodgrass,Snodgrass,3,2215,2,5,10,0,0,5,85,5.5,5.5,0,5,5.2,0.2,-0.5,-0.2999999999999998,0.2
13,18-19,Alexandre Nascimento Costa Silva,Xande Silva,4,17,0,0,0,0,0,0,1,4.5,5,0.5,4.5,4.5,0,0,-0.5,-0.5
13,18-19,Ben Johnson,Johnson,2,62,0,0,0,0,0,0,2,4,4.5,0.5,4,3.9000000000000004,-0.1,0,-0.5999999999999996,-0.6000000000000001
13,18-19,Will Norris,Norris,1,1,0,0,0,0,0,0,1,4,4.5,0.5,3.9,3.9000000000000004,0,-0.1,-0.5999999999999996,-0.5
13,18-19,Matt Doherty,Doherty,2,3141,4,7,5,0,1,8,144,4.5,5.5,1,5.3,5,-0.30000000000000004,0.8,-0.5,-1.3
13,18-19,Romain Saïss,Saïss,2,1142,2,0,7,0,0,3,47,4.5,5,0.5,4.2,4.4,0.2,-0.3,-0.5999999999999996,-0.30000000000000004
13,18-19,Conor Coady,Coady,2,3420,0,0,5,0,3,9,94,4.5,4.5,0,4.5,4.5,0,0,0,0
13,18-19,Bright Enobakhare,Enobakhare,3,0,0,0,0,0,0,0,0,4.5,4.5,0,4.3,4.4,0.1,-0.2,-0.09999999999999964,0.1
13,18-19,Morgan Gibbs-White,Gibbs-White,3,645,0,1,1,0,0,4,37,4.5,5.5,1,4.3,4.3,0,-0.2,-1.2000000000000002,-1
13,18-19,Rui Pedro dos Santos Patrício,Patrício,1,3330,0,0,0,0,0,8,118,4.5,4.5,0,4.5,4.5,0,0,0,0
13,18-19,Ryan John Giles,Giles,3,0,0,0,0,0,0,0,0,4.5,4.5,0,4.5,4.4,-0.1,0,-0.09999999999999964,-0.1
14,19-20,Shkodran Mustafi,Mustafi,2,1205,0,2,2,0,0,4,43,5.5,5,-0.5,5.1,5.2,0.1,-0.4,0.20000000000000018,0.6000000000000001
14,19-20,Sead Kolasinac,Kolasinac,2,1694,0,2,4,0,0,4,55,5.5,5,-0.5,5.2,5.2,0,-0.3,0.20000000000000018,0.5
14,19-20,Carl Jenkinson,Jenkinson,2,0,0,0,0,0,0,0,0,4.5,4.5,0,4.5,4.4,-0.1,0,-0.09999999999999964,-0.1
14,19-20,Alexandre Lacazette,Lacazette,4,1867,10,7,8,0,0,5,118,9.5,8,-1.5,9.2,9.1,-0.1,-0.3,1.0999999999999996,1.4000000000000001
14,19-20,Joseph Willock,Willock,3,838,1,1,2,0,0,1,41,5,5.5,0.5,4.7,4.7,0,-0.3,-0.7999999999999998,-0.5
14,19-20,Bukayo Saka,Saka,3,1746,1,6,6,0,0,7,71,4.5,6,1.5,4.7,4.4,-0.30000000000000004,0.2,-1.5999999999999996,-1.8
14,19-20,Kortney Hause,Hause,2,1544,1,0,3,0,0,2,34,4.5,4.5,0,4.4,4.3,-0.1,-0.1,-0.20000000000000018,-0.1
14,19-20,Anwar El Ghazi,El Ghazi,3,2046,4,5,3,0,0,5,93,5.5,6,0.5,5.2,5.2,0,-0.3,-0.7999999999999998,-0.5
14,19-20,John McGinn,McGinn,3,2312,3,3,3,0,0,6,84,5.5,5.5,0,5.2,5.2,0,-0.3,-0.2999999999999998,0
14,19-20,Henri Lansbury,Lansbury,3,190,0,0,0,0,0,0,12,4.5,5,0.5,4.4,4.4,0,-0.1,-0.5999999999999996,-0.5
14,19-20,José Ignacio Peleteiro Romallo,Jota,3,329,0,1,0,0,0,2,17,6,5.5,-0.5,5.7,5.7,0,-0.3,0.20000000000000018,0.5
14,19-20,Tyrone Mings,Mings,2,2902,2,2,7,0,0,6,90,4.5,5,0.5,4.4,4.4,0,-0.1,-0.5999999999999996,-0.5
14,19-20,Bjorn Engels,Engels,2,1446,1,0,1,0,0,3,42,4.5,5,0.5,4.3,4.3,0,-0.2,-0.7000000000000002,-0.5
14,19-20,Frédéric Guilbert,Guilbert,2,2038,0,2,7,0,0,6,62,4.5,5,0.5,4.3,4.4,0.1,-0.2,-0.5999999999999996,-0.4
14,19-20,Douglas Luiz Soares de Paulo,Douglas Luiz,3,2604,3,2,8,0,0,8,90,4.5,5,0.5,4.3,4.4,0.1,-0.2,-0.5999999999999996,-0.4
14,19-20,Indiana Vassilev,Vassilev,3,47,0,0,0,0,0,0,4,4.5,5,0.5,4.5,4.4,-0.1,0,-0.5999999999999996,-0.6000000000000001
14,19-20,Mbwana Samatta,Samatta,4,940,1,0,1,0,0,4,29,6,5.5,-0.5,5.1,5.7,0.6000000000000001,-0.9,0.20000000000000018,1.1
14,19-20,Kaine Hayden,Hayden,3,0,0,0,0,0,0,0,0,4.5,4.5,0,4.5,4.4,-0.1,0,-0.09999999999999964,-0.1
14,19-20,Steve Cook,Steve Cook,2,2427,1,0,6,1,0,3,52,5,5,0,5,4.7,-0.30000000000000004,0,-0.2999999999999998,-0.30000000000000004
14,19-20,Chris Mepham,Mepham,2,911,1,0,1,0,0,1,27,4.5,4.5,0,4.3,4.3,0,-0.2,-0.20000000000000018,-0
14,19-20,Diego Rico,Rico,2,2333,0,5,6,0,0,6,84,4,5,1,4.2,4.1000000000000005,-0.1,0.2,-0.8999999999999995,-1.1
14,19-20,Dominic Solanke,Solanke,4,1637,3,2,1,0,0,1,69,5.5,6,0.5,5.1,5.1000000000000005,0,-0.4,-0.8999999999999995,-0.5
14,19-20,Artur Boruc,Boruc,1,0,0,0,0,0,0,0,0,4.5,4.5,0,4.2,4.3,0.1,-0.3,-0.20000000000000018,0.1
14,19-20,Ryan Fraser,Fraser,3,2061,1,5,2,0,0,4,73,7.5,5.5,-2,6.8,7,0.2,-0.7,1.5,2.2
14,19-20,Junior Stanislas,Stanislas,3,706,3,1,1,0,0,1,42,6,6,0,5.8,5.6000000000000005,-0.2,-0.2,-0.39999999999999947,-0.2
14,19-20,Lewis Cook,Lewis Cook,3,1340,0,1,5,0,0,2,40,5,5,0,5,4.7,-0.30000000000000004,0,-0.2999999999999998,-0.30000000000000004
14,19-20,Andrew Surman,Surman,3,234,0,0,1,0,0,0,6,5,5,0,4.7,4.800000000000001,0.1,-0.3,-0.1999999999999993,0.1
14,19-20,Gavin Kilkenny,Kilkenny,3,0,0,0,0,0,0,0,0,4.5,4.5,0,4.5,4.4,-0.1,0,-0.09999999999999964,-0.1
14,19-20,Shane Duffy,Duffy,2,1232,1,0,2,0,0,3,44,5,5,0,4.8,4.7,-0.1,-0.2,-0.2999999999999998,-0.1
14,19-20,Glenn Murray,Murray,4,785,1,1,0,0,0,2,36,6,6,0,5.4,5.7,0.30000000000000004,-0.6,-0.2999999999999998,0.30000000000000004
14,19-20,Jürgen Locadia,Locadia,4,85,0,0,0,0,0,1,3,5.5,5,-0.5,5.2,5.4,0.2,-0.3,0.40000000000000036,0.7000000000000001
14,19-20,Solomon March,March,3,1139,0,1,2,0,0,4,38,5,5.5,0.5,4.6,4.7,0.1,-0.4,-0.7999999999999998,-0.4
14,19-20,Dan Burn,Burn,2,2879,0,0,5,0,0,9,86,4.5,4.5,0,4.5,4.4,-0.1,0,-0.09999999999999964,-0.1
14,19-20,Neal Maupay,Maupay,4,2763,10,3,3,0,0,8,131,6,6.5,0.5,5.7,5.800000000000001,0.1,-0.3,-0.6999999999999993,-0.4
14,19-20,Tudor Baluta,Baluta,2,0,0,0,0,0,0,0,0,4,4.5,0.5,4,3.9000000000000004,-0.1,0,-0.5999999999999996,-0.6000000000000001
14,19-20,Ezequiel Schelotto,Schelotto,2,357,0,0,2,0,0,0,9,4,4.5,0.5,3.9,3.9000000000000004,0,-0.1,-0.5999999999999996,-0.5
14,19-20,Alex Cochrane,Cochrane,2,0,0,0,0,0,0,0,0,4,4.5,0.5,4,3.9000000000000004,-0.1,0,-0.5999999999999996,-0.6000000000000001
14,19-20,Ashley Westwood,Westwood,3,3150,2,7,9,0,0,15,118,5.5,6,0.5,5.5,5.5,0,0,-0.5,-0.5
14,19-20,Jack Cork,Cork,3,2614,0,0,1,0,0,12,70,5,5,0,4.9,4.7,-0.2,-0.1,-0.2999999999999998,-0.2
14,19-20,Jay Rodriguez,Rodriguez,4,2002,8,2,1,0,0,7,100,6,6.5,0.5,5.7,5.7,0,-0.3,-0.7999999999999998,-0.5
14,19-20,Anthony Driscoll-Glennon,Driscoll-Glennon,2,0,0,0,0,0,0,0,0,4,4.5,0.5,3.9,3.9000000000000004,0,-0.1,-0.5999999999999996,-0.5
14,19-20,Bobby Thomas,Thomas,2,0,0,0,0,0,0,0,0,4,4.5,0.5,4,3.9000000000000004,-0.1,0,-0.5999999999999996,-0.6000000000000001
14,19-20,Lukas Jensen,Jensen,1,0,0,0,0,0,0,0,0,4,4.5,0.5,4,3.9000000000000004,-0.1,0,-0.5999999999999996,-0.6000000000000001
14,19-20,Josh Benson,Benson,3,0,0,0,0,0,0,0,0,4.5,4.5,0,4.5,4.4,-0.1,0,-0.09999999999999964,-0.1
14,19-20,Joel Mumbongo,Mumbongo,4,0,0,0,0,0,0,0,0,4.5,5,0.5,4.5,4.5,0,0,-0.5,-0.5
14,19-20,Antonio Rüdiger,Rüdiger,2,1710,2,0,3,0,1,5,63,6,5,-1,5.9,5.6000000000000005,-0.30000000000000004,-0.1,0.6000000000000005,0.7000000000000001
14,19-20,Olivier Giroud,Giroud,4,988,8,1,1,0,0,6,68,7,7.5,0.5,6.7,6.6000000000000005,-0.1,-0.3,-0.8999999999999995,-0.6000000000000001
14,19-20,Pedro Rodríguez Ledesma,Pedro,3,659,1,2,1,0,0,2,32,7,6,-1,6.8,6.6000000000000005,-0.2,-0.2,0.6000000000000005,0.8
14,19-20,N'Golo Kanté,Kanté,3,1730,3,0,4,0,0,3,57,5,5,0,5,4.7,-0.30000000000000004,0,-0.2999999999999998,-0.30000000000000004
14,19-20,Ethan Ampadu,Ampadu,3,0,0,0,0,0,0,0,0,4.5,4.5,0,4.3,4.4,0.1,-0.2,-0.09999999999999964,0.1
14,19-20,Mateo Kovacic,Kovacic,3,2065,1,3,8,0,0,4,68,5.5,5,-0.5,5.3,5.1000000000000005,-0.2,-0.2,0.10000000000000053,0.30000000000000004
14,19-20,Robert Kenedy Nunes do Nascimento,Kenedy,3,0,0,0,0,0,0,0,0,5.5,4.5,-1,5.2,5.300000000000001,0.1,-0.3,0.8000000000000007,1.1
14,19-20,Christian Benteke,Benteke,4,1252,2,1,4,1,0,5,42,6,5.5,-0.5,5.7,5.7,0,-0.3,0.20000000000000018,0.5
14,19-20,Connor Wickham,Wickham,4,90,1,1,0,0,0,0,15,4.5,5.5,1,4.3,4.4,0.1,-0.2,-1.0999999999999996,-0.9
14,19-20,Luka Milivojevic,Milivojevic,3,2510,3,1,12,0,0,7,81,7,5,-2,6.7,6.5,-0.2,-0.3,1.5,1.8
14,19-20,Max Meyer,Meyer,3,645,0,0,1,0,0,1,23,5.5,5,-0.5,5.2,5.2,0,-0.3,0.20000000000000018,0.5
14,19-20,James McArthur,McArthur,3,3091,0,4,6,0,0,11,92,5.5,5,-0.5,5.2,5.2,0,-0.3,0.20000000000000018,0.5
14,19-20,Cheikhou Kouyaté,Kouyaté,3,2524,1,2,4,0,0,10,85,5,5.5,0.5,4.8,4.800000000000001,0,-0.2,-0.6999999999999993,-0.5
14,19-20,James McCarthy,McCarthy,3,1668,0,0,9,0,0,2,41,4.5,5,0.5,4.2,4.3,0.1,-0.3,-0.7000000000000002,-0.4
14,19-20,Stephen Henderson,Henderson,1,0,0,0,0,0,0,0,0,4,4.5,0.5,4,3.9000000000000004,-0.1,0,-0.5999999999999996,-0.6000000000000001
14,19-20,James Daly,Daly,4,0,0,0,0,0,0,0,0,4.5,5,0.5,4.5,4.5,0,0,-0.5,-0.5
14,19-20,Nikola Tavares,Tavares,2,0,0,0,0,0,0,0,0,4,4.5,0.5,4,3.9000000000000004,-0.1,0,-0.5999999999999996,-0.6000000000000001
14,19-20,Yerry Mina,Mina,2,2281,2,1,3,0,1,5,78,5.5,5,-0.5,5.3,5.2,-0.1,-0.2,0.20000000000000018,0.4
14,19-20,Seamus Coleman,Coleman,2,1833,0,1,3,1,0,5,55,5.5,5,-0.5,5.3,5.2,-0.1,-0.2,0.20000000000000018,0.4
14,19-20,Jordan Pickford,Pickford,1,3420,0,0,2,0,0,9,117,5.5,4.5,-1,5.2,5.4,0.2,-0.3,0.9000000000000004,1.2000000000000002
14,19-20,Fabian Delph,Delph,2,1187,0,0,3,1,0,2,24,5.5,5,-0.5,5.3,5.2,-0.1,-0.2,0.20000000000000018,0.4
14,19-20,Djibril Sidibé,Sidibé,2,1818,0,4,3,0,0,5,74,5.5,5,-0.5,5,5.2,0.2,-0.5,0.20000000000000018,0.7000000000000001
14,19-20,Jarrad Branthwaite,Branthwaite,2,299,0,0,0,0,0,1,11,4,4.5,0.5,4,3.9000000000000004,-0.1,0,-0.5999999999999996,-0.6000000000000001
14,19-20,Ellis Simms,Simms,4,0,0,0,0,0,0,0,0,4.5,5,0.5,4.5,4.5,0,0,-0.5,-0.5
14,19-20,Kasper Schmeichel,Schmeichel,1,3420,0,0,2,0,0,13,156,5,5,0,5.5,5.300000000000001,-0.2,0.5,0.3000000000000007,-0.2
14,19-20,Danny Ward,Ward,1,0,0,0,0,0,0,0,0,4.5,4.5,0,4.2,4.3,0.1,-0.3,-0.20000000000000018,0.1
14,19-20,James Maddison,Maddison,3,2624,6,5,4,0,0,10,125,7,6.5,-0.5,7.3,6.800000000000001,-0.5,0.3,0.3000000000000007,0
14,19-20,Matty James,James,3,5,0,0,0,0,0,0,1,4.5,5,0.5,4.3,4.4,0.1,-0.2,-0.5999999999999996,-0.4
14,19-20,James Justin,Justin,2,1010,0,1,1,0,1,4,35,5,5,0,4.7,4.7,0,-0.3,-0.2999999999999998,0
14,19-20,Luke Thomas,Thomas,2,267,0,1,0,0,0,1,15,4,5,1,4,3.9000000000000004,-0.1,0,-1.0999999999999996,-1.1
14,19-20,Darnell Johnson,Johnson,2,0,0,0,0,0,0,0,0,4,4.5,0.5,4,3.9000000000000004,-0.1,0,-0.5999999999999996,-0.6000000000000001
14,19-20,Trent Alexander-Arnold,Alexander-Arnold,2,3173,4,15,5,0,0,14,210,7,7,0,7.7,7.7,0,0.7,0.7000000000000002,0
14,19-20,Joseph Gomez,Gomez,2,1999,0,0,7,0,0,12,93,5.5,5,-0.5,5.3,5.300000000000001,0,-0.2,0.3000000000000007,0.5
14,19-20,Roberto Firmino,Firmino,4,2985,9,9,0,0,0,16,155,9.5,7.5,-2,9.3,9.4,0.1,-0.2,1.9000000000000004,2.1
14,19-20,Divock Origi,Origi,4,699,4,3,1,0,0,2,65,5.5,6.5,1,5.1,5.2,0.1,-0.4,-1.2999999999999998,-0.9
14,19-20,Xherdan Shaqiri,Shaqiri,3,181,1,0,0,0,0,1,15,6.5,5.5,-1,6.3,6.2,-0.1,-0.2,0.7000000000000002,0.9
14,19-20,James Milner,Milner,3,924,2,2,4,0,0,4,49,5.5,6,0.5,5.3,5.2,-0.1,-0.2,-0.7999999999999998,-0.6000000000000001
14,19-20,Rafael Camacho,Camacho,3,0,0,0,0,0,0,0,0,4.5,4.5,0,4.5,4.4,-0.1,0,-0.09999999999999964,-0.1
14,19-20,Rhian Brewster,Brewster,4,0,0,0,0,0,0,0,0,4.5,5,0.5,4.2,4.5,0.30000000000000004,-0.3,-0.5,-0.2
14,19-20,Neco Williams,Williams,2,228,0,0,1,0,0,1,14,4,4.5,0.5,4,3.9000000000000004,-0.1,0,-0.5999999999999996,-0.6000000000000001
14,19-20,Sergio Agüero,Agüero,4,1449,16,6,1,0,0,5,132,12,10,-2,11.6,12,0.4,-0.4,2,2.4000000000000004
14,19-20,Ederson Santana de Moraes,Ederson,1,3071,0,0,3,1,0,16,133,6,5,-1,6.1,6,-0.1,0.1,1,0.9
14,19-20,Riyad Mahrez,Mahrez,3,1934,11,14,0,0,0,10,175,8.5,10,1.5,8.6,8.8,0.2,0.1,-1.1999999999999993,-1.3
14,19-20,Eric Garcia,Garcia,2,790,0,0,1,0,0,5,38,4.5,5,0.5,4.5,4.3,-0.2,0,-0.7000000000000002,-0.7000000000000001
14,19-20,Aaron Wan-Bissaka,Wan-Bissaka,2,3070,0,4,8,0,0,12,127,5.5,5,-0.5,5.5,5.4,-0.1,0,0.40000000000000036,0.4
14,19-20,Luke Shaw,Shaw,2,1730,0,0,7,0,0,8,67,5.5,5,-0.5,5.4,5.2,-0.2,-0.1,0.20000000000000018,0.30000000000000004
14,19-20,Eric Bailly,Bailly,2,148,0,0,0,0,0,1,9,5,4.5,-0.5,4.7,4.800000000000001,0.1,-0.3,0.3000000000000007,0.6000000000000001
14,19-20,Matteo Darmian,Darmian,2,0,0,0,0,0,0,0,0,5,4.5,-0.5,4.9,4.800000000000001,-0.1,-0.1,0.3000000000000007,0.4
14,19-20,Marcus Rashford,Rashford,4,2645,17,8,3,0,0,9,177,8.5,9.5,1,8.9,8.700000000000001,-0.2,0.4,-0.7999999999999989,-1.2000000000000002
14,19-20,Jesse Lingard,Lingard,3,923,1,0,3,0,0,1,32,6.5,5,-1.5,6.3,6.1000000000000005,-0.2,-0.2,1.1000000000000005,1.3
14,19-20,Scott McTominay,McTominay,3,1765,3,2,2,0,0,3,74,5,5.5,0.5,4.8,4.7,-0.1,-0.2,-0.7999999999999998,-0.6000000000000001
14,19-20,Bruno Miguel Borges Fernandes,Fernandes,3,1187,8,8,2,0,0,9,117,8,9,1,9,7.800000000000001,-1.2000000000000002,1,-1.1999999999999993,-2.2
14,19-20,DeAndre Yedlin,Yedlin,2,934,1,0,3,0,0,1,26,4.5,5,0.5,4.4,4.3,-0.1,-0.1,-0.7000000000000002,-0.6000000000000001
14,19-20,Federico Fernández,Fernández,2,2617,2,3,8,0,1,8,102,4.5,5,0.5,4.6,4.6000000000000005,0,0.1,-0.39999999999999947,-0.5
14,19-20,Paul Dummett,Dummett,2,1227,0,0,2,0,1,5,44,4.5,5,0.5,4.3,4.3,0,-0.2,-0.7000000000000002,-0.5
14,19-20,Jamaal Lascelles,Lascelles,2,2076,1,0,5,0,0,8,73,4.5,5,0.5,4.2,4.4,0.2,-0.3,-0.5999999999999996,-0.30000000000000004
14,19-20,Yoshinori Muto,Muto,4,207,0,0,0,0,0,0,9,5.5,5,-0.5,5.1,5.300000000000001,0.2,-0.4,0.3000000000000007,0.7000000000000001
14,19-20,Karl Darlow,Darlow,1,0,0,0,0,0,0,0,0,4.5,4.5,0,4.3,4.3,0,-0.2,-0.20000000000000018,-0
14,19-20,Jonjo Shelvey,Shelvey,3,2118,6,2,3,0,0,8,105,5,6,1,4.9,4.9,0,-0.1,-1.0999999999999996,-1
14,19-20,Sean Longstaff,Longstaff,3,1370,1,2,2,1,0,2,44,5,5,0,5,4.7,-0.30000000000000004,0,-0.2999999999999998,-0.30000000000000004
14,19-20,Danny Rose,Rose,2,1753,0,0,7,0,0,5,47,5.5,5,-0.5,5.3,5.2,-0.1,-0.2,0.20000000000000018,0.4
14,19-20,Kelland Watts,Watts,2,16,0,0,0,0,0,0,1,4,4.5,0.5,3.9,3.9000000000000004,0,-0.1,-0.5999999999999996,-0.5
14,19-20,Jamal Lewis,Lewis,2,2301,1,0,4,0,0,3,48,4.5,4.5,0,4.4,4.3,-0.1,-0.1,-0.20000000000000018,-0.1
14,19-20,Teemu Pukki,Pukki,4,2884,11,3,3,0,0,6,139,6.5,6.5,0,6.4,6.300000000000001,-0.1,-0.1,-0.1999999999999993,-0.1
14,19-20,Mario Vrancic,Vrancic,3,624,1,0,3,0,0,0,29,6.5,5.5,-1,6.2,6.1000000000000005,-0.1,-0.3,0.6000000000000005,0.9
14,19-20,Moritz Leitner,Leitner,3,683,0,0,1,0,0,1,16,4.5,5,0.5,4.3,4.3,0,-0.2,-0.7000000000000002,-0.5
14,19-20,Sam Byram,Byram,2,1292,0,0,4,0,0,3,32,4.5,4.5,0,4.3,4.3,0,-0.2,-0.20000000000000018,-0
14,19-20,Philip Heise,Heise,2,0,0,0,0,0,0,0,0,4,4.5,0.5,3.9,3.9000000000000004,0,-0.1,-0.5999999999999996,-0.5
14,19-20,Akin Famewo,Famewo,2,1,0,0,0,0,0,0,1,4,4.5,0.5,3.9,3.9000000000000004,0,-0.1,-0.5999999999999996,-0.5
14,19-20,Jordan Thomas,Thomas,2,1,0,0,0,0,0,0,1,4,4.5,0.5,4,3.9000000000000004,-0.1,0,-0.5999999999999996,-0.6000000000000001
14,19-20,Daniel Adshead,Adshead,3,0,0,0,0,0,0,0,0,4.5,4.5,0,4.5,4.4,-0.1,0,-0.09999999999999964,-0.1
14,19-20,Lys Mousset,Mousset,4,1223,6,4,1,0,0,3,84,5,7,2,4.3,4.800000000000001,0.5,-0.7,-2.1999999999999993,-1.5
14,19-20,Enda Stevens,Stevens,2,3345,2,4,7,0,0,13,142,5,5,0,5.2,5.2,0,0.2,0.20000000000000018,0
14,19-20,John Lundstram,Lundstram,2,2452,5,4,5,0,0,10,144,4,6,2,4.6,4.6000000000000005,0,0.6,-1.3999999999999995,-2
14,19-20,Oliver Norwood,Norwood,3,3089,1,3,8,0,0,13,98,5,5,0,4.7,4.9,0.2,-0.3,-0.09999999999999964,0.2
14,19-20,David McGoldrick,McGoldrick,4,1810,2,2,2,0,0,7,65,5.5,6,0.5,5.4,5.1000000000000005,-0.30000000000000004,-0.1,-0.8999999999999995,-0.8
14,19-20,Luke Freeman,Freeman,3,360,0,0,2,0,0,1,13,5.5,5,-0.5,5,5.300000000000001,0.30000000000000004,-0.5,0.3000000000000007,0.8
14,19-20,Callum Robinson,Callum Robinson,3,669,1,2,1,0,0,2,33,5.5,6,0.5,4.9,5.2,0.30000000000000004,-0.6,-0.7999999999999998,-0.2
14,19-20,Ravel Morrison,Morrison,3,12,0,0,0,0,0,0,1,5,5,0,4.5,4.800000000000001,0.30000000000000004,-0.5,-0.1999999999999993,0.30000000000000004
14,19-20,Jack Rodwell,Rodwell,3,15,0,0,0,0,0,0,1,4.5,5,0.5,4.5,4.4,-0.1,0,-0.5999999999999996,-0.6000000000000001
14,19-20,Sander Berge,Berge,3,943,1,1,0,0,0,4,40,5,5.5,0.5,4.7,4.7,0,-0.3,-0.7999999999999998,-0.5
14,19-20,Richairo Zivkovic,Zivkovic,4,107,0,0,0,0,0,0,5,5,5,0,4.7,4.9,0.2,-0.3,-0.09999999999999964,0.2
14,19-20,Ryan Bertrand,Bertrand,2,2742,1,1,3,1,0,7,75,5,5,0,4.8,4.800000000000001,0,-0.2,-0.1999999999999993,0
14,19-20,Jan Bednarek,Bednarek,2,3057,1,1,4,0,1,7,84,4.5,4.5,0,4.4,4.4,0,-0.1,-0.09999999999999964,0
14,19-20,Danny Ings,Ings,4,2800,22,2,3,0,0,6,198,6,8.5,2.5,7.6,6.7,-0.9,1.6,-1.7999999999999998,-3.4000000000000004
14,19-20,Michael Obafemi,Obafemi,4,655,3,2,1,0,0,3,45,5,6.5,1.5,4.9,4.7,-0.2,-0.1,-1.7999999999999998,-1.7000000000000002
14,19-20,Angus Gunn,Gunn,1,900,0,0,0,0,0,2,29,4.5,4.5,0,4.2,4.3,0.1,-0.3,-0.20000000000000018,0.1
14,19-20,James Ward-Prowse,Ward-Prowse,3,3420,5,4,9,0,0,9,117,6,5,-1,5.7,5.800000000000001,0.1,-0.3,0.8000000000000007,1.1
14,19-20,Stuart Armstrong,Armstrong,3,1706,5,4,4,0,0,7,98,5.5,6.5,1,5.2,5.300000000000001,0.1,-0.3,-1.1999999999999993,-0.9
14,19-20,Mario Lemina,Lemina,3,0,0,0,0,0,0,0,0,5,4.5,-0.5,4.6,4.9,0.30000000000000004,-0.4,0.40000000000000036,0.8
14,19-20,Moussa Djenepo,Djenepo,3,920,2,2,4,1,0,2,40,5.5,5.5,0,5.2,5.2,0,-0.3,-0.2999999999999998,0
14,19-20,Sofiane Boufal,Boufal,3,753,0,3,2,0,0,1,34,5.5,5.5,0,5.5,5.2,-0.30000000000000004,0,-0.2999999999999998,-0.30000000000000004
14,19-20,Kevin Danso,Danso,2,275,0,1,0,1,0,1,9,4.5,5,0.5,4.2,4.3,0.1,-0.3,-0.7000000000000002,-0.4
14,19-20,Will Ferry,Ferry,3,0,0,0,0,0,0,0,0,4.5,4.5,0,4.5,4.4,-0.1,0,-0.09999999999999964,-0.1
14,19-20,Ben Davies,Davies,2,1430,0,0,6,0,0,4,41,5.5,5,-0.5,5.3,5.2,-0.1,-0.2,0.20000000000000018,0.4
14,19-20,Davinson Sánchez,Sánchez,2,2431,0,2,6,0,0,4,64,5.5,5,-0.5,5.3,5.2,-0.1,-0.2,0.20000000000000018,0.4
14,19-20,Lucas Rodrigues Moura da Silva,Lucas Moura,3,2235,4,5,3,0,0,6,100,7.5,6,-1.5,7,7.1000000000000005,0.1,-0.5,1.1000000000000005,1.6
14,19-20,Erik Lamela,Lamela,3,1203,2,5,3,0,0,5,65,6,6.5,0.5,5.7,5.6000000000000005,-0.1,-0.3,-0.8999999999999995,-0.6000000000000001
14,19-20,Harry Winks,Winks,3,2223,0,0,9,0,0,6,52,5.5,5,-0.5,5.2,5.2,0,-0.3,0.20000000000000018,0.5
14,19-20,Victor Wanyama,Wanyama,3,24,0,0,1,0,0,0,1,5,5,0,4.7,4.9,0.2,-0.3,-0.09999999999999964,0.2
14,19-20,Japhet Tanganga,Tanganga,2,525,0,0,1,0,0,2,17,4,4.5,0.5,3.9,3.9000000000000004,0,-0.1,-0.5999999999999996,-0.5
14,19-20,Steven Bergwijn,Bergwijn,3,699,3,1,2,0,0,2,43,7.5,6,-1.5,6.9,7.1000000000000005,0.2,-0.6,1.1000000000000005,1.7000000000000002
14,19-20,José Holebas,Holebas,2,1022,0,1,5,0,0,2,21,5,5,0,4.6,4.800000000000001,0.2,-0.4,-0.1999999999999993,0.2
14,19-20,Marc Navarro,Navarro,2,0,0,0,0,0,0,0,0,4,4.5,0.5,3.9,3.9000000000000004,0,-0.1,-0.5999999999999996,-0.5
14,19-20,Pontus Dahlberg,Dahlberg,1,0,0,0,0,0,0,0,0,4.5,4.5,0,4.2,4.3,0.1,-0.3,-0.20000000000000018,0.1
14,19-20,Tom Cleverley,Cleverley,3,964,1,0,2,0,0,1,33,5,5,0,4.8,4.7,-0.1,-0.2,-0.2999999999999998,-0.1
14,19-20,Ismaïla Sarr,Sarr,3,2023,5,7,1,0,0,6,107,6.5,6.5,0,5.9,6.2,0.30000000000000004,-0.6,-0.2999999999999998,0.30000000000000004
14,19-20,Aaron Cresswell,Cresswell,2,2727,3,0,7,0,0,5,79,5,5,0,4.5,4.800000000000001,0.30000000000000004,-0.5,-0.1999999999999993,0.30000000000000004
14,19-20,Angelo Ogbonna,Ogbonna,2,2786,2,0,4,0,1,7,81,4.5,5,0.5,4.5,4.4,-0.1,0,-0.5999999999999996,-0.6000000000000001
14,19-20,Arthur Masuaku,Masuaku,2,930,0,1,4,1,0,2,26,4.5,5,0.5,4.1,4.3,0.2,-0.4,-0.7000000000000002,-0.30000000000000004
14,19-20,Lukasz Fabianski,Fabianski,1,2117,0,0,1,0,0,5,83,5,4.5,-0.5,4.9,4.800000000000001,-0.1,-0.1,0.3000000000000007,0.4
14,19-20,Andriy Yarmolenko,Yarmolenko,3,981,5,1,2,0,0,3,70,6,6.5,0.5,5.2,5.6000000000000005,0.4,-0.8,-0.8999999999999995,-0.1
14,19-20,Declan Rice,Rice,3,3420,1,5,6,0,0,7,105,5,5,0,4.7,4.800000000000001,0.1,-0.3,-0.1999999999999993,0.1
14,19-20,Pedro Obiang,Obiang,3,0,0,0,0,0,0,0,0,4.5,4.5,0,4.5,4.4,-0.1,0,-0.09999999999999964,-0.1
14,19-20,Jeremy Ngakia,Ngakia,2,440,0,0,0,0,0,0,8,4,4.5,0.5,4,3.9000000000000004,-0.1,0,-0.5999999999999996,-0.6000000000000001
14,19-20,Darren Randolph,Randolph,1,180,0,0,0,0,0,0,3,4.5,4.5,0,3.9,4.3,0.4,-0.6,-0.20000000000000018,0.4
14,19-20,Jarrod Bowen,Bowen,3,916,1,4,0,0,0,1,44,6.5,6,-0.5,6.4,6.1000000000000005,-0.30000000000000004,-0.1,0.10000000000000053,0.2
14,19-20,Conor Coady,Coady,2,3420,0,0,5,0,0,13,118,5,5,0,5.1,4.9,-0.2,0.1,-0.09999999999999964,-0.2
14,19-20,Willy Boly,Boly,2,1980,0,1,1,1,0,12,97,5,5,0,4.9,4.9,0,-0.1,-0.09999999999999964,0
14,19-20,Diogo Jota,Jota,4,2278,7,3,4,0,0,10,105,6.5,6.5,0,6,6.2,0.2,-0.5,-0.2999999999999998,0.2
14,19-20,John Ruddy,Ruddy,1,0,0,0,0,0,0,0,0,4.5,4.5,0,4.2,4.3,0.1,-0.3,-0.20000000000000018,0.1
14,19-20,Morgan Gibbs-White,Gibbs-White,3,125,0,1,0,0,0,0,11,5,5,0,4.7,4.800000000000001,0.1,-0.3,-0.1999999999999993,0.1
14,19-20,Patrick Cutrone,Cutrone,4,292,2,0,0,0,0,1,23,6,6,0,5.4,5.7,0.30000000000000004,-0.6,-0.2999999999999998,0.30000000000000004
15,20-21,David Luiz Moreira Marinho,David Luiz,2,1396,1,0,1,1,0,3,41,5.5,5,-0.5,5.4,5.2,-0.2,-0.1,0.20000000000000018,0.30000000000000004
15,20-21,Héctor Bellerín,Bellerín,2,2089,1,3,8,0,0,7,94,5,5,0,5,4.9,-0.1,0,-0.09999999999999964,-0.1
15,20-21,Reiss Nelson,Nelson,3,70,0,0,0,0,0,0,2,5.5,5,-0.5,5.1,5.300000000000001,0.2,-0.4,0.3000000000000007,0.7000000000000001
15,20-21,Edward Nketiah,Nketiah,4,411,2,1,0,0,0,1,36,6,6,0,5.3,5.7,0.4,-0.7,-0.2999999999999998,0.4
15,20-21,Matteo Guendouzi,Guendouzi,3,0,0,0,0,0,0,0,0,5,4.5,-0.5,4.7,4.9,0.2,-0.3,0.40000000000000036,0.7000000000000001
15,20-21,Gabriel Teodoro Martinelli Silva,Martinelli,3,582,2,1,0,0,0,4,36,5,6,1,4.9,4.800000000000001,-0.1,-0.1,-1.1999999999999993,-1.1
15,20-21,Mohamed Naser El Sayed Elneny,Elneny,3,1538,1,0,3,0,0,5,50,4.5,5,0.5,4.2,4.3,0.1,-0.3,-0.7000000000000002,-0.4
15,20-21,Martin Ødegaard,Ødegaard,3,861,1,2,0,0,0,3,40,6,6,0,5.6,5.6000000000000005,0,-0.4,-0.39999999999999947,0
15,20-21,Ahmed El Mohamady,El Mohamady,2,833,0,0,2,0,0,3,33,4.5,5,0.5,4.2,4.3,0.1,-0.3,-0.7000000000000002,-0.4
15,20-21,Neil Taylor,Taylor,2,15,0,0,1,0,0,0,-1,4.5,4.5,0,4.2,4.4,0.2,-0.3,-0.09999999999999964,0.2
15,20-21,Ørjan Nyland,Nyland,1,0,0,0,0,0,0,0,0,4,4.5,0.5,4,3.9000000000000004,-0.1,0,-0.5999999999999996,-0.6000000000000001
15,20-21,Bjorn Engels,Engels,2,0,0,0,0,0,0,0,0,4.5,4.5,0,4.4,4.4,0,-0.1,-0.09999999999999964,0
15,20-21,Mahmoud Ahmed Ibrahim Hassan,Trézéguet,3,1157,2,1,0,0,0,6,56,5.5,6,0.5,5.2,5.2,0,-0.3,-0.7999999999999998,-0.5
15,20-21,Matt Targett,Targett,2,3404,0,4,7,0,0,16,138,4.5,5,0.5,5,4.800000000000001,-0.2,0.5,-0.1999999999999993,-0.7000000000000001
15,20-21,James Bree,Bree,2,0,0,0,0,0,0,0,0,4.5,4.5,0,4.5,4.4,-0.1,0,-0.09999999999999964,-0.1
15,20-21,Marvelous Nakamba,Nakamba,3,747,0,1,3,0,0,4,27,4.5,5.5,1,4.3,4.4,0.1,-0.2,-1.0999999999999996,-0.9
15,20-21,Jacob Ramsey,Ramsey,3,611,0,0,0,0,0,2,28,4.5,5.5,1,4.5,4.3,-0.2,0,-1.2000000000000002,-1.2000000000000002
15,20-21,Kaine Hayden,Hayden,3,0,0,0,0,0,0,0,0,4.5,4.5,0,4.5,4.4,-0.1,0,-0.09999999999999964,-0.1
15,20-21,Jaden Philogene-Bidace,Philogene-Bidace,3,1,0,0,0,0,0,0,1,4.5,5,0.5,4.4,4.4,0,-0.1,-0.5999999999999996,-0.5
15,20-21,Aaron Mooy,Mooy,3,0,0,0,0,0,0,0,0,5,4.5,-0.5,5,4.9,-0.1,0,0.40000000000000036,0.4
15,20-21,Martín Montoya,Montoya,2,0,0,0,0,0,0,0,0,4.5,4.5,0,4.5,4.4,-0.1,0,-0.09999999999999964,-0.1
15,20-21,Solomon March,March,3,1670,2,2,0,0,0,7,69,5,6,1,4.9,4.7,-0.2,-0.1,-1.2999999999999998,-1.2000000000000002
15,20-21,Adam Webster,Webster,2,2594,1,0,4,0,0,9,85,4.5,5,0.5,4.3,4.4,0.1,-0.2,-0.5999999999999996,-0.4
15,20-21,Neal Maupay,Maupay,4,2508,8,2,1,1,0,10,105,6.5,6,-0.5,5.8,6.2,0.4,-0.7,0.20000000000000018,0.9
15,20-21,Tariq Lamptey,Lamptey,2,887,1,3,2,1,0,2,35,4.5,5.5,1,4.6,4.4,-0.2,0.1,-1.0999999999999996,-1.2000000000000002
15,20-21,Jason Steele,Steele,1,0,0,0,0,0,0,0,0,4,4.5,0.5,3.9,3.9000000000000004,0,-0.1,-0.5999999999999996,-0.5
15,20-21,Jayson Molumby,Molumby,3,1,0,0,0,0,0,0,1,4.5,5,0.5,4.5,4.4,-0.1,0,-0.5999999999999996,-0.6000000000000001
15,20-21,Percy Tau,Tau,3,101,0,1,0,0,0,0,7,5.5,5,-0.5,4.9,5.300000000000001,0.4,-0.6,0.3000000000000007,0.9
15,20-21,Michal Karbownik,Karbownik,2,0,0,0,0,0,0,0,0,4.5,4.5,0,4.5,4.4,-0.1,0,-0.09999999999999964,-0.1
15,20-21,Charlie Taylor,Taylor,2,2425,0,2,1,0,0,8,83,4.5,5,0.5,4.4,4.4,0,-0.1,-0.5999999999999996,-0.5
15,20-21,Dwight McNeil,McNeil,3,3068,2,5,1,0,0,11,113,6,6,0,5.7,5.7,0,-0.3,-0.2999999999999998,0
15,20-21,Jimmy Dunne,Dunne,2,270,1,0,1,0,0,0,9,4,4.5,0.5,3.8,3.9000000000000004,0.1,-0.2,-0.5999999999999996,-0.4
15,20-21,Will Norris,Norris,1,180,0,0,0,0,0,0,3,4,4.5,0.5,4,3.9000000000000004,-0.1,0,-0.5999999999999996,-0.6000000000000001
15,20-21,Lewis Richardson,Richardson,4,3,0,0,0,0,0,0,2,4.5,5,0.5,4.5,4.5,0,0,-0.5,-0.5
15,20-21,Anthony Mancini,Mancini,3,0,0,0,0,0,0,0,0,4.5,4.5,0,4.4,4.4,0,-0.1,-0.09999999999999964,0
15,20-21,Joel Mumbongo,Mumbongo,4,37,0,0,1,0,0,0,3,4.5,5,0.5,4.5,4.5,0,0,-0.5,-0.5
15,20-21,Marcos Alonso,Alonso,2,958,2,1,2,0,0,5,57,6,5.5,-0.5,5.6,5.7,0.1,-0.4,0.20000000000000018,0.6000000000000001
15,20-21,Kurt Zouma,Zouma,2,2027,5,0,3,0,0,9,108,5,5.5,0.5,5.3,5,-0.30000000000000004,0.3,-0.5,-0.8
15,20-21,Andreas Christensen,Christensen,2,1371,0,0,2,1,0,8,61,5,5,0,4.7,4.800000000000001,0.1,-0.3,-0.1999999999999993,0.1
15,20-21,Christian Pulisic,Pulisic,3,1731,4,3,2,0,0,7,82,8.5,6,-2.5,8.3,8.1,-0.2,-0.2,2.0999999999999996,2.3000000000000003
15,20-21,Mason Mount,Mount,3,2887,6,7,2,0,0,14,147,7,6.5,-0.5,7.3,7,-0.30000000000000004,0.3,0.5,0.2
15,20-21,Callum Hudson-Odoi,Hudson-Odoi,3,1050,2,3,0,0,0,6,59,6,6.5,0.5,5.7,5.6000000000000005,-0.1,-0.3,-0.8999999999999995,-0.6000000000000001
15,20-21,Reece James,James,2,2367,1,3,3,0,0,9,112,5,5.5,0.5,5.1,4.9,-0.2,0.1,-0.5999999999999996,-0.7000000000000001
15,20-21,Valentino Livramento,Livramento,2,0,0,0,0,0,0,0,0,4,4.5,0.5,4,3.9000000000000004,-0.1,0,-0.5999999999999996,-0.6000000000000001
15,20-21,Mamadou Sakho,Sakho,2,275,0,0,0,0,0,0,4,4.5,4.5,0,4.4,4.3,-0.1,-0.1,-0.20000000000000018,-0.1
15,20-21,James Tomkins,Tomkins,2,551,0,0,1,0,0,2,18,4.5,4.5,0,4.4,4.3,-0.1,-0.1,-0.20000000000000018,-0.1
15,20-21,James McArthur,McArthur,3,1465,0,2,3,0,0,4,45,5.5,5.5,0,5.2,5.2,0,-0.3,-0.2999999999999998,0
15,20-21,Christian Benteke,Benteke,4,1808,10,2,1,1,0,5,106,5.5,7,1.5,5.5,5.300000000000001,-0.2,0,-1.6999999999999993,-1.7000000000000002
15,20-21,Cheikhou Kouyaté,Kouyaté,3,3121,1,0,4,0,0,8,82,5,5,0,4.8,4.7,-0.1,-0.2,-0.2999999999999998,-0.1
15,20-21,Wilfried Zaha,Zaha,3,2612,11,4,6,0,0,6,136,7,6.5,-0.5,7.1,6.9,-0.2,0.1,0.40000000000000036,0.30000000000000004
15,20-21,Ryan Inniss,Inniss,2,0,0,0,0,0,0,0,0,4,4.5,0.5,4,3.9000000000000004,-0.1,0,-0.5999999999999996,-0.6000000000000001
15,20-21,Nathaniel Clyne,Clyne,2,1145,0,1,2,0,0,2,28,4.5,4.5,0,4.5,4.3,-0.2,0,-0.20000000000000018,-0.2
15,20-21,Jean-Philippe Mateta,Mateta,4,215,1,0,0,0,0,0,15,6,5.5,-0.5,5.3,5.800000000000001,0.5,-0.7,0.3000000000000007,1
15,20-21,Jesurun Rak-Sakyi,Rak-Sakyi,3,0,0,0,0,0,0,0,0,4.5,4.5,0,4.5,4.4,-0.1,0,-0.09999999999999964,-0.1
15,20-21,Jonas Lössl,Lössl,1,0,0,0,0,0,0,0,0,4.5,4.5,0,4.3,4.3,0,-0.2,-0.20000000000000018,-0
15,20-21,Seamus Coleman,Coleman,2,1607,0,3,0,0,0,8,81,5,5.5,0.5,4.9,4.800000000000001,-0.1,-0.1,-0.6999999999999993,-0.6000000000000001
15,20-21,André Filipe Tavares Gomes,André Gomes,3,1559,0,1,3,0,0,5,48,5.5,5,-0.5,5.3,5.2,-0.1,-0.2,0.20000000000000018,0.4
15,20-21,Jonjoe Kenny,Kenny,2,78,0,0,0,0,0,0,5,4.5,4.5,0,4.3,4.3,0,-0.2,-0.20000000000000018,-0
15,20-21,Tom Davies,Davies,3,1417,0,1,3,0,0,5,47,5.5,5.5,0,5.2,5.2,0,-0.3,-0.2999999999999998,0
15,20-21,Jarrad Branthwaite,Branthwaite,2,0,0,0,0,0,0,0,0,4,4.5,0.5,3.9,3.9000000000000004,0,-0.1,-0.5999999999999996,-0.5
15,20-21,James Rodríguez,Rodríguez,3,1763,6,5,4,0,0,5,101,7.5,6.5,-1,7.7,7.1000000000000005,-0.6000000000000001,0.2,0.6000000000000005,0.4
15,20-21,Ben Godfrey,Godfrey,2,2683,0,2,4,0,1,11,100,5,5,0,5.1,4.9,-0.2,0.1,-0.09999999999999964,-0.2
15,20-21,Tyler Onyango,Onyango,3,0,0,0,0,0,0,0,0,4.5,4.5,0,4.5,4.4,-0.1,0,-0.09999999999999964,-0.1
15,20-21,Ryan Astley,Astley,2,0,0,0,0,0,0,0,0,4,4.5,0.5,4,3.9000000000000004,-0.1,0,-0.5999999999999996,-0.6000000000000001
15,20-21,Reece Welch,Welch,2,0,0,0,0,0,0,0,0,4,4.5,0.5,4,3.9000000000000004,-0.1,0,-0.5999999999999996,-0.6000000000000001
15,20-21,Kevin McDonald,McDonald,3,0,0,0,0,0,0,0,0,5,4.5,-0.5,4.7,4.9,0.2,-0.3,0.40000000000000036,0.7000000000000001
15,20-21,Maxime Le Marchand,Le Marchand,2,122,0,0,2,0,0,0,1,4.5,4.5,0,4.1,4.4,0.30000000000000004,-0.4,-0.09999999999999964,0.30000000000000004
15,20-21,Cyrus Christie,Christie,2,0,0,0,0,0,0,0,0,4.5,4.5,0,4.2,4.4,0.2,-0.3,-0.09999999999999964,0.2
15,20-21,Ivan Ricardo Neves Abreu Cavaleiro,Cavaleiro,3,2465,3,0,2,0,0,7,85,5.5,5,-0.5,5.3,5.2,-0.1,-0.2,0.20000000000000018,0.4
15,20-21,Josh Onomah,Onomah,3,369,0,0,1,0,0,0,13,5,5,0,4.6,4.800000000000001,0.2,-0.4,-0.1999999999999993,0.2
15,20-21,Antonee Robinson,Robinson,2,2159,0,0,4,1,0,5,57,4.5,5,0.5,4.4,4.3,-0.1,-0.1,-0.7000000000000002,-0.6000000000000001
15,20-21,Denis Odoi,Odoi,2,270,0,0,1,0,0,0,1,4.5,4.5,0,4.2,4.4,0.2,-0.3,-0.09999999999999964,0.2
15,20-21,Ola Aina,Aina,2,2664,2,1,3,0,0,8,102,4.5,5,0.5,4.3,4.5,0.2,-0.2,-0.5,-0.30000000000000004
15,20-21,Tosin Adarabioyo,Adarabioyo,2,2953,0,1,1,0,1,9,100,4.5,5,0.5,4.5,4.4,-0.1,0,-0.5999999999999996,-0.6000000000000001
15,20-21,Terence Kongolo,Kongolo,2,90,0,0,0,0,0,0,2,4.5,4.5,0,4.3,4.4,0.1,-0.2,-0.09999999999999964,0.1
15,20-21,Josh Maja,Maja,4,804,3,0,0,0,0,5,40,5.5,6,0.5,5,5.2,0.2,-0.5,-0.7999999999999998,-0.30000000000000004
15,20-21,Jonny Evans,Evans,2,2473,2,2,7,0,1,10,109,5.5,5,-0.5,5.6,5.4,-0.2,0.1,0.40000000000000036,0.30000000000000004
15,20-21,Matty James,James,3,0,0,0,0,0,0,0,0,4.5,4.5,0,4.3,4.4,0.1,-0.2,-0.09999999999999964,0.1
15,20-21,Dennis Praet,Praet,3,714,1,2,0,0,0,3,37,5.5,6,0.5,5.2,5.2,0,-0.3,-0.7999999999999998,-0.5
15,20-21,Wilfred Ndidi,Ndidi,3,2175,1,4,6,0,0,7,79,5,5.5,0.5,4.8,4.800000000000001,0,-0.2,-0.6999999999999993,-0.5
15,20-21,Wesley Fofana,Fofana,2,2260,0,1,7,0,0,7,71,5,5,0,5,4.800000000000001,-0.2,0,-0.1999999999999993,-0.2
15,20-21,Tawanda Maswanhise,Maswanhise,3,0,0,0,0,0,0,0,0,4.5,4.5,0,4.5,4.4,-0.1,0,-0.09999999999999964,-0.1
15,20-21,Jack Harrison,Harrison,3,2846,8,10,2,0,0,11,160,5.5,7,1.5,5.6,6,0.4,0.1,-1,-1.1
15,20-21,Hélder Wander Sousa de Azevedo e Costa,Costa,3,1150,3,4,0,0,1,3,63,5.5,6.5,1,5,5.2,0.2,-0.5,-1.2999999999999998,-0.8
15,20-21,Jay-Roy Grot,Grot,3,0,0,0,0,0,0,0,0,5,4.5,-0.5,4.7,4.9,0.2,-0.3,0.40000000000000036,0.7000000000000001
15,20-21,Kamil Miazek,Miazek,1,0,0,0,0,0,0,0,0,4,4.5,0.5,4,3.9000000000000004,-0.1,0,-0.5999999999999996,-0.6000000000000001
15,20-21,Ian Carlo Poveda-Ocampo,Poveda-Ocampo,3,344,0,0,0,0,0,0,14,4.5,5,0.5,4.2,4.3,0.1,-0.3,-0.7000000000000002,-0.4
15,20-21,Illan Meslier,Meslier,1,3150,0,0,0,0,1,11,154,4.5,5,0.5,4.8,4.9,0.1,0.3,-0.09999999999999964,-0.4
15,20-21,Robin Koch,Koch,2,1130,0,0,1,0,0,4,38,4.5,5,0.5,4.3,4.3,0,-0.2,-0.7000000000000002,-0.5
15,20-21,Mateusz Bogusz,Bogusz,3,0,0,0,0,0,0,0,0,4.5,4.5,0,4.3,4.4,0.1,-0.2,-0.09999999999999964,0.1
15,20-21,Raphael Dias Belloli,Raphinha,3,2358,6,10,3,0,0,9,133,5.5,7,1.5,5.6,5.7,0.1,0.1,-1.2999999999999998,-1.4000000000000001
15,20-21,Jack Jenkins,Jenkins,3,0,0,0,0,0,0,0,0,4.5,4.5,0,4.5,4.4,-0.1,0,-0.09999999999999964,-0.1
15,20-21,Gaetano Berardi,Berardi,2,113,0,0,0,0,0,1,8,4,4.5,0.5,4,3.9000000000000004,-0.1,0,-0.5999999999999996,-0.6000000000000001
15,20-21,Adrián San Miguel del Castillo,Adrián,1,270,0,0,0,0,0,1,11,4.5,4.5,0,4.2,4.3,0.1,-0.3,-0.20000000000000018,0.1
15,20-21,Roberto Firmino,Firmino,4,2837,9,8,2,0,0,10,141,9.5,7,-2.5,9.1,9.200000000000001,0.1,-0.4,2.200000000000001,2.6
15,20-21,Virgil van Dijk,van Dijk,2,370,1,0,1,0,0,1,15,6.5,5,-1.5,6.2,6.2,0,-0.3,1.2000000000000002,1.5
15,20-21,Sadio Mané,Mané,3,2808,11,11,3,0,0,12,176,12,8.5,-3.5,11.8,12,0.2,-0.2,3.5,3.7
15,20-21,Alisson Ramses Becker,Alisson,1,2970,1,0,1,0,0,10,140,6,5,-1,6,5.9,-0.1,0,0.9000000000000004,0.9
15,20-21,Divock Origi,Origi,4,180,0,0,0,0,0,1,10,5.5,5.5,0,5.1,5.300000000000001,0.2,-0.4,-0.1999999999999993,0.2
15,20-21,Harry Wilson,Harry Wilson,3,0,0,0,0,0,0,0,0,5.5,4.5,-1,5.1,5.300000000000001,0.2,-0.4,0.8000000000000007,1.2000000000000002
15,20-21,Diogo Jota,Jota,3,1106,9,0,2,0,0,4,86,6.5,7,0.5,6.9,6.2,-0.7000000000000001,0.4,-0.7999999999999998,-1.2000000000000002
15,20-21,Thiago Alcántara do Nascimento,Thiago,3,1851,1,0,4,0,0,8,55,6,5,-1,5.5,5.6000000000000005,0.1,-0.5,0.6000000000000005,1.1
15,20-21,Rhys Williams,Rhys Williams,2,659,0,0,0,0,0,3,28,4,5,1,4,3.9000000000000004,-0.1,0,-1.0999999999999996,-1.1
15,20-21,Jake Cain,Cain,3,0,0,0,0,0,0,0,0,4.5,4.5,0,4.5,4.4,-0.1,0,-0.09999999999999964,-0.1
15,20-21,Ben Davies,Davies,2,0,0,0,0,0,0,0,0,5,4.5,-0.5,4.7,4.800000000000001,0.1,-0.3,0.3000000000000007,0.6000000000000001
15,20-21,Jakub Ojrzynski,Ojrzynski,1,0,0,0,0,0,0,0,0,4,4.5,0.5,4,3.9000000000000004,-0.1,0,-0.5999999999999996,-0.6000000000000001
15,20-21,Nicolás Otamendi,Otamendi,2,0,0,0,0,0,0,0,0,5,4.5,-0.5,4.9,4.800000000000001,-0.1,-0.1,0.3000000000000007,0.4
15,20-21,John Stones,Stones,2,1933,4,0,0,1,0,14,128,5,5.5,0.5,5.1,5.2,0.1,0.1,-0.2999999999999998,-0.4
15,20-21,Aymeric Laporte,Laporte,2,1343,0,0,1,0,0,7,58,6,5,-1,6,5.6000000000000005,-0.4,0,0.6000000000000005,0.6000000000000001
15,20-21,Bernardo Mota Veiga de Carvalho e Silva,Bernardo Silva,3,2063,2,7,5,0,0,11,94,7.5,6.5,-1,7.4,7.1000000000000005,-0.30000000000000004,-0.1,0.6000000000000005,0.7000000000000001
15,20-21,Gabriel Fernando de Jesus,Jesus,4,2056,9,5,2,0,0,11,115,9.5,7.5,-2,9.1,9.200000000000001,0.1,-0.4,1.700000000000001,2.1
15,20-21,Oleksandr Zinchenko,Zinchenko,2,1473,0,0,0,0,0,8,69,5.5,5,-0.5,5.5,5.2,-0.30000000000000004,0,0.20000000000000018,0.2
15,20-21,Eric Garcia,Garcia,2,380,0,0,0,0,0,0,6,5,4.5,-0.5,4.7,4.800000000000001,0.1,-0.3,0.3000000000000007,0.6000000000000001
15,20-21,Zack Steffen,Steffen,1,90,0,0,0,0,0,0,2,4.5,4.5,0,4.4,4.3,-0.1,-0.1,-0.20000000000000018,-0.1
15,20-21,James Trafford,Trafford,1,0,0,0,0,0,0,0,0,4,4.5,0.5,4,3.9000000000000004,-0.1,0,-0.5999999999999996,-0.6000000000000001
15,20-21,Scott Carson,Carson,1,90,0,0,0,0,0,0,7,4,4.5,0.5,3.9,3.9000000000000004,0,-0.1,-0.5999999999999996,-0.5
15,20-21,Taylor Harwood-Bellis,Harwood-Bellis,2,0,0,0,0,0,0,0,0,4,4.5,0.5,4,3.9000000000000004,-0.1,0,-0.5999999999999996,-0.6000000000000001
15,20-21,David de Gea,de Gea,1,2295,0,0,0,0,0,9,91,5.5,5,-0.5,5.3,5.300000000000001,0,-0.2,0.3000000000000007,0.5
15,20-21,Paul Pogba,Pogba,3,1892,3,6,3,0,0,5,92,8,6,-2,7.6,7.5,-0.1,-0.4,1.5,1.9000000000000001
15,20-21,Phil Jones,Jones,2,0,0,0,0,0,0,0,0,5,4.5,-0.5,4.8,4.800000000000001,0,-0.2,0.3000000000000007,0.5
15,20-21,Harry Maguire,Maguire,2,3047,2,2,11,0,0,13,124,5.5,5,-0.5,5.5,5.5,0,0,0.5,0.5
15,20-21,Donny van de Beek,van de Beek,3,511,1,2,1,0,0,0,32,7,6,-1,6.6,6.6000000000000005,0,-0.4,0.6000000000000005,1
15,20-21,Lee Grant,Grant,1,0,0,0,0,0,0,0,0,4,4.5,0.5,4,3.9000000000000004,-0.1,0,-0.5999999999999996,-0.6000000000000001
15,20-21,Amad Diallo,Diallo,3,165,0,1,0,0,0,0,8,5.5,5,-0.5,5.4,5.300000000000001,-0.1,-0.1,0.3000000000000007,0.4
15,20-21,Matt Ritchie,Ritchie,3,1347,0,5,2,0,1,3,52,5,6,1,4.9,4.7,-0.2,-0.1,-1.2999999999999998,-1.2000000000000002
15,20-21,Florian Lejeune,Lejeune,2,0,0,0,0,0,0,0,0,4.5,4.5,0,4.3,4.4,0.1,-0.2,-0.09999999999999964,0.1
15,20-21,Emil Krafth,Krafth,2,1286,1,1,4,0,0,5,45,4.5,5,0.5,4.2,4.4,0.2,-0.3,-0.5999999999999996,-0.30000000000000004
15,20-21,Isaac Hayden,Hayden,3,1942,0,0,8,0,0,4,40,5,5,0,4.6,4.7,0.1,-0.4,-0.2999999999999998,0.1
15,20-21,Yoshinori Muto,Muto,4,0,0,0,0,0,0,0,0,5,5,0,4.8,4.9,0.1,-0.2,-0.09999999999999964,0.1
15,20-21,Jeff Hendrick,Hendrick,3,1418,2,1,1,1,0,3,52,5,5,0,4.5,4.7,0.2,-0.5,-0.2999999999999998,0.2
15,20-21,Matthew Longstaff,Matty Longstaff,3,376,0,0,0,0,0,1,10,5,5,0,4.8,4.800000000000001,0,-0.2,-0.1999999999999993,0
15,20-21,Callum Wilson,Wilson,4,2081,12,6,2,0,0,5,134,6.5,8,1.5,6.5,6.4,-0.1,0,-1.5999999999999996,-1.6
15,20-21,Jamal Lewis,Lewis,2,1833,0,1,4,0,0,3,44,4.5,4.5,0,4,4.3,0.30000000000000004,-0.5,-0.20000000000000018,0.30000000000000004
15,20-21,Enda Stevens,Stevens,2,2700,0,1,6,0,0,4,56,5.5,4.5,-1,5,5.1000000000000005,0.1,-0.5,0.6000000000000005,1.1
15,20-21,Simon Moore,Moore,1,0,0,0,0,0,0,0,0,4.5,4.5,0,4.3,4.3,0,-0.2,-0.20000000000000018,-0
15,20-21,Oliver Norwood,Norwood,3,2214,0,0,6,0,0,5,54,5,5,0,4.5,4.7,0.2,-0.5,-0.2999999999999998,0.2
15,20-21,Wes Foderingham,Foderingham,1,0,0,0,0,0,0,0,0,4.5,4.5,0,4.3,4.3,0,-0.2,-0.20000000000000018,-0
15,20-21,Jack Robinson,Jack Robinson,2,875,0,2,3,0,0,2,32,4.5,5,0.5,4.2,4.3,0.1,-0.3,-0.7000000000000002,-0.4
15,20-21,John Lundstram,Lundstram,3,2027,0,2,8,1,0,3,48,5.5,5,-0.5,4.8,5.1000000000000005,0.30000000000000004,-0.7,0.10000000000000053,0.8
15,20-21,Phil Jagielka,Jagielka,2,524,0,0,1,1,1,0,5,4,4.5,0.5,3.9,3.9000000000000004,0,-0.1,-0.5999999999999996,-0.5
15,20-21,Kean Bryan,Bryan,2,1003,1,0,1,0,1,2,29,4,5,1,3.9,3.9000000000000004,0,-0.1,-1.0999999999999996,-1
15,20-21,Antwoine Hackford,Hackford,4,10,0,0,0,0,0,0,1,4.5,5,0.5,4.4,4.5,0.1,-0.1,-0.5,-0.4
15,20-21,Frankie Maguire,Maguire,3,0,0,0,0,0,0,0,0,4.5,4.5,0,4.4,4.4,0,-0.1,-0.09999999999999964,0
15,20-21,Daniel Jebbison,Jebbison,4,283,1,0,0,0,0,2,12,4.5,5.5,1,4.5,4.4,-0.1,0,-1.0999999999999996,-1.1
15,20-21,Harry Boyes,Boyes,2,0,0,0,0,0,0,0,0,4,4.5,0.5,4,3.9000000000000004,-0.1,0,-0.5999999999999996,-0.6000000000000001
15,20-21,William Osula,Osula,4,0,0,0,0,0,0,0,0,4.5,5,0.5,4.5,4.5,0,0,-0.5,-0.5
15,20-21,Theo Walcott,Walcott,3,1629,3,4,0,0,0,5,76,6,6,0,5.8,5.6000000000000005,-0.2,-0.2,-0.39999999999999947,-0.2
15,20-21,Nathan Tella,Tella,3,735,1,2,2,0,0,2,36,4.5,6,1.5,4.3,4.3,0,-0.2,-1.7000000000000002,-1.5
15,20-21,Alexandre Jankewitz,Jankewitz,3,2,0,0,0,1,0,0,-1,4.5,4.5,0,4.5,4.4,-0.1,0,-0.09999999999999964,-0.1
15,20-21,Hugo Lloris,Lloris,1,3420,0,0,0,0,0,12,149,5.5,5,-0.5,5.6,5.6000000000000005,0,0.1,0.6000000000000005,0.5
15,20-21,Paulo Gazzaniga,Gazzaniga,1,0,0,0,0,0,0,0,0,4.5,4.5,0,4.3,4.3,0,-0.2,-0.20000000000000018,-0
15,20-21,Harry Winks,Winks,3,856,0,0,5,0,0,1,19,5.5,5,-0.5,5.1,5.2,0.1,-0.4,0.20000000000000018,0.6000000000000001
15,20-21,Steven Bergwijn,Bergwijn,3,1202,1,4,3,0,0,5,55,7.5,6,-1.5,7,7,0,-0.5,1,1.5
15,20-21,Cameron Carter-Vickers,Carter-Vickers,2,0,0,0,0,0,0,0,0,4,4.5,0.5,3.9,3.9000000000000004,0,-0.1,-0.5999999999999996,-0.5
15,20-21,Sergio Reguilón,Reguilón,2,2244,0,6,5,0,1,8,89,5.5,5.5,0,5.5,5.300000000000001,-0.2,0,-0.1999999999999993,-0.2
15,20-21,Carlos Vinicius Alves Morais,Carlos Vinicius,4,305,1,0,2,0,0,1,13,7,5.5,-1.5,6.9,6.7,-0.2,-0.1,1.2000000000000002,1.3
15,20-21,David Button,Button,1,90,0,0,0,0,0,0,2,4,4.5,0.5,3.9,3.9000000000000004,0,-0.1,-0.5999999999999996,-0.5
15,20-21,Callum Robinson,Callum Robinson,4,1552,5,3,0,0,0,3,79,5.5,6.5,1,5.2,5.1000000000000005,-0.1,-0.3,-1.3999999999999995,-1.1
15,20-21,Romaine Sawyers,Sawyers,3,1486,0,0,2,0,1,1,33,5,5,0,4.6,4.7,0.1,-0.4,-0.2999999999999998,0.1
15,20-21,Ahmed El-Sayed Hegazy,Hegazi,2,90,0,0,0,0,0,1,6,4.5,4.5,0,4.1,4.3,0.2,-0.4,-0.20000000000000018,0.2
15,20-21,Charlie Austin,Austin,4,135,0,0,0,0,0,0,5,5.5,5,-0.5,5.1,5.300000000000001,0.2,-0.4,0.3000000000000007,0.7000000000000001
15,20-21,Kenneth Zohore,Zohore,4,0,0,0,0,0,0,0,0,5,5,0,4.8,4.9,0.1,-0.2,-0.09999999999999964,0.1
15,20-21,Oluwasemilogo Adesewo Ibidapo Ajayi,Ajayi,2,2779,2,1,3,1,0,1,51,5,4.5,-0.5,4.8,4.7,-0.1,-0.2,0.20000000000000018,0.4
15,20-21,Jonathan Leko,Leko,3,0,0,0,0,0,0,0,0,4.5,4.5,0,4.5,4.4,-0.1,0,-0.09999999999999964,-0.1
15,20-21,Rekeem Harper,Harper,3,30,0,0,0,0,0,0,2,4.5,5,0.5,4.3,4.4,0.1,-0.2,-0.5999999999999996,-0.4
15,20-21,Matheus Pereira,Pereira,3,2574,11,7,2,1,0,6,153,6,7,1,5.4,6.300000000000001,0.9,-0.6,-0.6999999999999993,-0.1
15,20-21,Okay Yokuslu,Yokuslu,3,1316,0,1,4,0,0,4,34,4.5,5,0.5,4.5,4.3,-0.2,0,-0.7000000000000002,-0.7000000000000001
15,20-21,Caleb Taylor,Taylor,2,0,0,0,0,0,0,0,0,4,4.5,0.5,4,3.9000000000000004,-0.1,0,-0.5999999999999996,-0.6000000000000001
15,20-21,David Martin,Martin,1,0,0,0,0,0,0,0,0,4,4.5,0.5,3.9,3.9000000000000004,0,-0.1,-0.5999999999999996,-0.5
15,20-21,Ryan Fredericks,Fredericks,2,564,1,1,2,0,0,1,28,4.5,5,0.5,4.2,4.3,0.1,-0.3,-0.7000000000000002,-0.4
15,20-21,Jordan Hugill,Hugill,4,0,0,0,0,0,0,0,0,5.5,5,-0.5,5.5,5.4,-0.1,0,0.40000000000000036,0.4
15,20-21,Craig Dawson,Dawson,2,1925,3,0,3,1,2,7,75,4.5,5,0.5,4.5,4.5,0,0,-0.5,-0.5
15,20-21,Conor Coady,Coady,2,3303,1,0,5,0,0,10,106,5,5,0,4.9,4.9,0,-0.1,-0.09999999999999964,0
15,20-21,Romain Saïss,Saïss,2,2407,3,0,2,0,0,8,99,5,5,0,4.9,4.9,0,-0.1,-0.09999999999999964,0
15,20-21,Matija Sarkic,Sarkic,1,0,0,0,0,0,0,0,0,4.5,4.5,0,4.4,4.3,-0.1,-0.1,-0.20000000000000018,-0.1
15,20-21,Pedro Lomba Neto,Neto,3,2549,5,8,4,0,0,9,124,5.5,6.5,1,5.5,5.5,0,0,-1,-1
15,20-21,Leonardo Campana,Campana,4,0,0,0,0,0,0,0,0,5,5,0,4.7,4.9,0.2,-0.3,-0.09999999999999964,0.2
15,20-21,Fabio Silva,Fabio Silva,4,1352,4,3,2,0,0,0,72,5.5,6,0.5,5.2,5.1000000000000005,-0.1,-0.3,-0.8999999999999995,-0.6000000000000001
15,20-21,Vitor Ferreira,Vitinha,3,509,0,1,0,0,0,0,26,5,5.5,0.5,4.7,4.7,0,-0.3,-0.7999999999999998,-0.5
15,20-21,Ki-Jana Hoever,Hoever,2,573,0,0,1,0,0,0,13,4.5,4.5,0,4.4,4.3,-0.1,-0.1,-0.20000000000000018,-0.1
15,20-21,Nélson Cabral Semedo,Semedo,2,2983,1,3,5,0,1,9,109,5.5,5,-0.5,5.1,5.300000000000001,0.2,-0.4,0.3000000000000007,0.7000000000000001
15,20-21,Theo Corbeanu,Corbeanu,3,8,0,0,0,0,0,0,1,4.5,5,0.5,4.4,4.4,0,-0.1,-0.5999999999999996,-0.5
15,20-21,Christian Marques,Marques,2,0,0,0,0,0,0,0,0,4,4.5,0.5,3.9,3.9000000000000004,0,-0.1,-0.5999999999999996,-0.5
15,20-21,Nigel Lonwijk,Lonwijk,2,0,0,0,0,0,0,0,0,4,4.5,0.5,3.9,3.9000000000000004,0,-0.1,-0.5999999999999996,-0.5
15,20-21,Hugo Bueno,Bueno,2,0,0,0,0,0,0,0,0,4,4.5,0.5,4,3.9000000000000004,-0.1,0,-0.5999999999999996,-0.6000000000000001
