season,player,position,mins,goals,assists,yellows,reds,own_goals,clean_sheets,points,start_price,end_price,price_change,pred_start_price,pred_start_price_error
16-17,Bellerín,2,2503,1,5,4,0,0,10,119,6.5,6.5,0,5.396430604659285,-1.103569395340715
16-17,Monreal,2,3153,0,3,5,0,0,11,115,6,5.9,-0.1,5.0180124918407545,-0.9819875081592455
16-17,Coquelin,3,1779,0,1,5,0,0,5,52,4.5,4.2,-0.3,4.985089479012235,0.48508947901223465
16-17,Sanogo,4,0,0,0,0,0,0,0,0,5,4.6,-0.4,5.116343774256151,0.11634377425615128
16-17,Francis,2,2938,0,1,4,1,0,10,89,4.5,4.5,0,4.839683192008043,0.3396831920080432
16-17,Smith,2,3101,1,5,6,0,1,8,104,4.5,4.6,0.1,5.039204610903696,0.5392046109036963
16-17,Mings,2,506,0,0,0,0,2,0,4,4.5,4.5,0,4.670052064046907,0.17005206404690743
16-17,Aké,2,834,3,1,1,0,0,3,55,4.5,3.9,-0.6,5.660440254027721,1.160440254027721
16-17,Gradel,3,134,0,0,3,0,0,0,8,5.5,5,-0.5,4.676353168307039,-0.8236468316929608
16-17,Ibe,3,1055,0,0,0,0,0,3,36,5.5,4.9,-0.6,5.051358566664931,-0.44864143333506856
16-17,Lewis Cook,3,432,0,2,1,0,0,1,17,4.5,4.2,-0.3,5.446586913864206,0.9465869138642056
16-17,Callum Wilson,4,1361,6,1,0,0,0,6,63,6.5,6,-0.5,6.843502784577062,0.34350278457706196
16-17,Tarkowski,2,568,0,0,1,0,0,1,23,4,4,0,4.5736869580022725,0.5736869580022725
16-17,Ivanovic,2,589,0,1,2,0,0,1,23,6,5.6,-0.4,4.769511867730894,-1.2304881322691061
16-17,Cahill,2,3296,6,0,5,0,1,17,178,6,6.7,0.7,5.689167667884654,-0.31083233211534633
16-17,Hazard,3,2985,16,9,3,0,0,17,224,10,10.5,0.5,9.166519759408839,-0.833480240591161
16-17,Pedro,3,2140,9,10,6,0,0,15,162,7.5,6.8,-0.7,9.006808737577085,1.5068087375770851
16-17,Moses,3,2485,3,3,4,0,0,17,105,5.5,5.5,0,6.54886395418438,1.0488639541843803
16-17,Van Ginkel,3,0,0,0,0,0,0,0,0,5,4.9,-0.1,4.755965349540906,-0.24403465045909378
16-17,Dann,2,1752,3,1,2,0,0,2,61,5.5,5.1,-0.4,4.9996498598467225,-0.5003501401532775
16-17,Ward,2,3417,0,1,7,0,0,7,86,5,4.8,-0.2,4.701197597519053,-0.2988024024809466
16-17,Jedinak,3,90,0,0,0,0,0,0,2,4.5,4.5,0,4.763056066570395,0.26305606657039515
16-17,Ledley,3,1160,1,1,1,0,0,2,40,4.5,4.3,-0.2,5.1815956166313875,0.6815956166313875
16-17,Cabaye,3,2125,4,4,7,0,0,7,91,6,5.6,-0.4,5.847095773968366,-0.15290422603163378
16-17,Wickham,4,412,2,0,1,0,0,0,18,6,5.5,-0.5,5.680712525292003,-0.31928747470799657
16-17,Robles,1,1737,0,1,2,0,0,10,89,5,4.7,-0.3,5.231115166813311,0.23111516681331068
16-17,Baines,2,2819,2,5,4,0,0,11,135,5.5,5.8,0.3,5.356014082693614,-0.1439859173063862
16-17,Coleman,2,2316,4,4,3,0,0,10,133,5.5,5.6,0.1,5.728399152532528,0.2283991525325284
16-17,Jagielka,2,2251,3,3,4,1,0,6,104,5,4.9,-0.1,5.2413854748526765,0.24138547485267647
16-17,Stones,2,2014,0,0,1,0,0,4,59,5,4.6,-0.4,4.6028817197566765,-0.3971182802433235
16-17,Galloway,2,247,0,0,0,0,0,1,9,4.5,4,-0.5,4.560227829751006,0.060227829751005935
16-17,Funes Mori,2,1543,0,1,0,0,0,7,69,5,4.5,-0.5,5.232066082417955,0.2320660824179548
16-17,Cleverley,3,1848,0,3,4,0,0,3,55,5.5,5.1,-0.4,5.042700634453302,-0.4572993655466977
16-17,Barry,3,2109,2,1,10,0,0,7,68,4.5,4.3,-0.2,5.275674289568205,0.7756742895682054
16-17,Gibson,3,640,0,0,4,0,0,1,17,4.5,4.3,-0.2,4.666975390391088,0.16697539039108822
16-17,Oviedo,3,1323,0,0,4,0,0,3,29,4.5,4.2,-0.3,4.636924386446343,0.13692438644634297
16-17,Niasse,4,1096,4,1,3,1,0,2,44,6,5.5,-0.5,6.082027697954419,0.08202769795441878
16-17,Odubajo,2,0,0,0,0,0,0,0,0,4.5,4.4,-0.1,4.4219582406128515,-0.07804175938714852
16-17,Clucas,3,3186,3,1,9,1,0,5,87,5,4.7,-0.3,4.841302064855487,-0.15869793514451302
16-17,Diomande,4,1171,2,0,1,0,0,2,42,4.5,4.3,-0.2,5.627121482602331,1.1271214826023312
16-17,Schmeichel,1,2666,0,0,1,0,0,8,109,5,4.9,-0.1,4.783869029192695,-0.21613097080730537
16-17,Fuchs,2,3103,2,4,10,0,0,8,104,5.5,5.3,-0.2,5.0711025195150095,-0.42889748048499055
16-17,Wasilewski,2,90,0,0,0,0,0,0,1,4,3.9,-0.1,4.408246469760822,0.40824646976082235
16-17,Simpson,2,2988,0,3,12,0,0,9,85,5,4.9,-0.1,4.859038871093578,-0.14096112890642232
16-17,Inler,3,0,0,0,0,0,0,0,0,4.5,4.4,-0.1,4.755965349540906,0.2559653495409062
16-17,Clyne,2,3323,0,2,0,0,0,12,129,5.5,5.9,0.4,5.010406678557022,-0.4895933214429782
16-17,Allen,3,2930,6,3,9,0,0,10,118,5,4.9,-0.1,5.652107738135675,0.6521077381356752
16-17,Milner,3,3154,7,4,5,0,0,12,139,6.5,6.3,-0.2,5.816911941935496,-0.683088058064504
16-17,Ings,4,0,0,0,0,0,0,0,0,6,5.4,-0.6,5.116343774256151,-0.8836562257438487
16-17,Kompany,2,820,3,0,5,0,0,5,57,6,6,0,5.788648481264893,-0.21135151873510694
16-17,Mangala,2,0,0,0,0,0,0,0,0,5.5,5.4,-0.1,4.4219582406128515,-1.0780417593871485
16-17,Yaya Touré,3,1941,5,0,4,0,0,12,86,8,7.2,-0.8,6.466250090659278,-1.533749909340722
16-17,Fernandinho,3,2755,2,1,4,2,0,10,78,5.5,5.3,-0.2,5.1129462372138805,-0.38705376278611947
16-17,Zinchenko,3,0,0,0,0,0,0,0,0,5.5,5.3,-0.2,4.755965349540906,-0.7440346504590938
16-17,Romero,1,180,0,0,0,0,0,2,23,5,4.7,-0.3,4.585278973790244,-0.41472102620975626
16-17,McNair,2,353,0,0,0,0,1,1,12,4.5,4.2,-0.3,4.779084506824643,0.2790845068246428
16-17,Valencia,2,2483,1,3,5,0,0,12,120,5.5,5.8,0.3,5.577150920886831,0.07715092088683129
16-17,Bailly,2,2058,0,0,4,0,0,13,105,5.5,5.5,0,5.832648422473317,0.3326484224733166
16-17,Depay,3,24,0,0,1,0,0,0,3,7.5,7.1,-0.4,4.742944780478613,-2.757055219521387
16-17,Schneiderlin,3,1073,1,0,2,0,0,5,37,5,4.5,-0.5,5.357514256701463,0.35751425670146286
16-17,Lingard,3,1360,1,3,3,0,0,7,60,6,5.6,-0.4,6.049328200327245,0.04932820032724461
16-17,Rooney,4,1540,5,5,8,0,0,6,76,9,8.6,-0.4,7.115354852095367,-1.8846451479046333
16-17,Wilson,4,0,0,0,0,0,0,0,0,5,5,0,5.116343774256151,0.11634377425615128
16-17,Ayala,2,918,1,0,3,0,0,3,31,5,4.7,-0.3,4.765793866086806,-0.23420613391319378
16-17,Friend,2,1964,0,3,4,0,0,4,59,4.5,4.2,-0.3,4.936011349694622,0.4360113496946223
16-17,Adomah,3,122,0,0,0,0,0,0,3,5.5,5.4,-0.1,4.770085254529356,-0.7299147454706443
16-17,De Pena,3,0,0,0,0,0,0,0,0,4.5,4.2,-0.3,4.755965349540906,0.2559653495409062
16-17,de Sart,3,0,0,0,0,0,0,0,0,4.5,4.3,-0.2,4.755965349540906,0.2559653495409062
16-17,Fischer,3,438,0,3,0,0,0,1,25,5.5,4.9,-0.6,5.779322658294529,0.27932265829452874
16-17,Forster,1,3420,0,0,3,0,0,14,134,5,5,0,4.884024716066757,-0.11597528393324286
16-17,Cédric,2,2515,0,3,7,0,0,11,102,5,4.9,-0.1,5.28943782083725,0.2894378208372501
16-17,Tadic,3,2411,3,7,4,0,0,13,108,7.5,6.9,-0.6,6.668270670293661,-0.8317293297063388
16-17,Shawcross,2,3150,1,2,6,0,2,9,94,5,4.9,-0.1,4.920748329069487,-0.07925167093051311
16-17,Marc Wilson,2,255,0,0,3,0,0,0,0,4,3.8,-0.2,4.1311735137363845,0.13117351373638453
16-17,Bojan,3,475,3,0,1,0,0,0,30,6,5.5,-0.5,5.56308029722937,-0.43691970277062975
16-17,Crouch,4,1343,7,3,3,0,0,4,79,5,4.4,-0.6,7.0387273377911175,2.0387273377911175
16-17,Diouf,4,1385,1,2,3,0,0,5,51,6,5.7,-0.3,6.042008843615462,0.04200884361546198
16-17,Cattermole,3,633,0,0,4,0,0,0,12,4.5,4.2,-0.3,4.46919595074983,-0.030804049250169996
16-17,Khazri,3,849,1,0,6,0,0,1,31,6.5,6,-0.5,4.921106779223514,-1.5788932207764859
16-17,Watmore,3,1025,0,5,1,0,0,2,43,5,4.7,-0.3,5.718783690815194,0.7187836908151937
16-17,Taylor,2,920,0,1,1,0,0,2,22,4.5,4.1,-0.4,4.749633567222544,0.24963356722254382
16-17,Fernández,2,2430,0,1,7,0,0,6,63,4.5,4.2,-0.3,4.628365229417344,0.1283652294173443
16-17,Tabanou,2,0,0,0,0,0,0,0,0,4.5,4.4,-0.1,4.4219582406128515,-0.07804175938714852
16-17,Ayew,3,1439,6,3,1,0,0,6,89,7.5,7.1,-0.4,6.5973542201145765,-0.9026457798854235
16-17,Fer,3,2405,6,2,9,0,0,4,95,5,4.8,-0.2,5.401034697532678,0.40103469753267795
16-17,Lloris,1,3004,0,0,0,0,0,15,143,5.5,5.5,0,5.1212766983504086,-0.37872330164959145
16-17,Vorm,1,416,0,0,0,0,0,2,17,5,4.8,-0.2,4.461280243663669,-0.5387197563363308
16-17,Wimmer,2,357,0,0,3,0,1,0,2,5,4.5,-0.5,4.437405665141126,-0.5625943348588738
16-17,Yedlin,2,0,0,0,0,0,0,0,0,4.5,4.4,-0.1,4.4219582406128515,-0.07804175938714852
16-17,Onomah,3,22,0,0,0,0,0,0,5,4.5,4.2,-0.3,4.864369857624465,0.3643698576244647
16-17,N'Jie,4,0,0,0,0,0,0,0,0,6,5.9,-0.1,5.116343774256151,-0.8836562257438487
16-17,Janssen,4,845,2,3,0,0,0,3,55,8,7.5,-0.5,6.785914719979611,-1.214085280020389
16-17,Gomes,1,3337,0,0,1,0,1,7,113,5,4.9,-0.1,4.80824746073412,-0.1917525392658801
16-17,Holebas,2,2905,2,4,14,0,0,7,87,4.5,4.6,0.1,5.084929976497468,0.5849299764974676
16-17,Kabasele,2,771,2,0,1,0,0,1,35,5,4.8,-0.2,4.93638013451659,-0.06361986548341036
16-17,Guédioura,3,861,0,1,2,0,0,0,26,4.5,4.2,-0.3,4.8971434638629425,0.3971434638629425
16-17,Abdi,3,0,0,0,0,0,0,0,0,5,5,0,4.755965349540906,-0.24403465045909378
16-17,Behrami,3,2030,0,0,7,0,0,5,48,4.5,4.5,0,4.601238409029902,0.10123840902990189
16-17,Success,3,519,1,1,2,0,0,1,28,6,5.7,-0.3,5.490361175111447,-0.5096388248885528
16-17,Foster,1,3420,0,0,2,0,0,6,113,4.5,4.7,0.2,4.733613702670055,0.23361370267005466
16-17,Evans,2,2637,2,1,8,0,0,4,79,4.5,4.4,-0.1,4.732701474233528,0.2327014742335276
16-17,Olsson,2,590,0,0,3,0,0,1,8,4.5,4.2,-0.3,4.24667443282667,-0.2533255671733299
16-17,Pocognoli,2,0,0,0,0,0,0,0,0,4,4,0,4.4219582406128515,0.4219582406128515
16-17,Gamboa,2,0,0,0,0,0,0,0,0,4,4,0,4.4219582406128515,0.4219582406128515
16-17,McManaman,3,0,0,0,0,0,0,0,0,4.5,4.3,-0.2,4.755965349540906,0.2559653495409062
16-17,Leko,3,118,0,1,0,0,0,0,12,4.5,4.1,-0.4,5.289207944208801,0.7892079442088011
16-17,Phillips,3,2181,4,9,2,0,0,6,115,5.5,5.3,-0.2,6.198955754683675,0.6989557546836753
16-17,Rondón,4,2892,8,3,2,0,0,6,118,6.5,6.3,-0.2,5.6460533337123096,-0.8539466662876904
16-17,Ogbonna,2,1755,0,0,2,0,0,4,45,5,4.7,-0.3,4.534335153871632,-0.46566484612836767
16-17,Pope,1,0,0,0,0,0,0,0,0,4,3.9,-0.1,4.2731734259736545,0.27317342597365446
16-17,Hoban,2,0,0,0,0,0,0,0,0,4,4,0,4.4219582406128515,0.4219582406128515
16-17,Vydra,4,3,0,0,0,0,0,0,1,4.5,4.5,0,5.141407865524333,0.6414078655243332
16-17,Holding,2,810,0,0,3,0,0,4,32,4.5,4.1,-0.4,4.783591091525551,0.28359109152555106
16-17,Wijnaldum,3,2974,6,9,2,0,0,11,149,8,7.5,-0.5,6.620974543182954,-1.379025456817046
16-17,Gueye,3,2681,1,2,11,0,0,9,80,5,5,0,5.127141774730872,0.1271417747308723
16-17,Ramírez,3,1539,2,3,8,1,0,6,59,5.5,5.2,-0.3,5.826029608533695,0.32602960853369467
16-17,Kaikai,3,24,0,0,0,0,0,0,1,4.5,4.5,0,4.769347860034031,0.26934786003403133
16-17,Stephens,2,1471,0,1,1,0,0,6,60,4,4.2,0.2,5.093444513935792,1.0934445139357916
16-17,Davies,3,1544,2,3,4,0,0,8,63,4.5,4.4,-0.1,6.12913308407075,1.6291330840707499
16-17,Baptiste,2,0,0,0,0,0,0,0,0,4,4,0,4.4219582406128515,0.4219582406128515
16-17,Maffeo,2,0,0,0,0,0,0,0,0,4.5,4.5,0,4.4219582406128515,-0.07804175938714852
16-17,McGee,1,0,0,0,0,0,0,0,0,4,3.9,-0.1,4.2731734259736545,0.27317342597365446
16-17,Chalobah,3,167,0,1,2,0,0,0,12,4.5,4.5,0,5.16227882972834,0.66227882972834
16-17,Pienaar,3,802,0,0,5,1,0,2,15,5,4.8,-0.2,4.614903340241131,-0.38509665975886875
16-17,Janmaat,2,1614,2,1,2,0,0,2,50,5,4.5,-0.5,4.905304496316197,-0.09469550368380286
16-17,Rose,1,0,0,0,0,0,0,0,0,4,4,0,4.2731734259736545,0.27317342597365446
16-17,Okaka,4,959,4,0,5,0,0,2,43,5.5,5.1,-0.4,6.140964508869213,0.6409645088692129
16-17,Mariappa,2,562,0,0,0,0,0,1,15,4,4,0,4.50038895850305,0.5003889585030503
16-17,Ndong,3,2520,1,1,5,0,0,5,67,5,4.8,-0.2,4.820647360788038,-0.1793526392119622
16-17,Flamini,3,274,0,0,0,0,0,0,12,4.5,4.2,-0.3,4.8882016311251375,0.3882016311251375
16-17,Dreher,3,0,0,0,0,0,0,0,0,4.5,4.4,-0.1,4.755965349540906,0.2559653495409062
16-17,Wynter,2,0,0,0,0,0,0,0,0,4,4,0,4.4219582406128515,0.4219582406128515
16-17,Honeyman,3,235,0,0,1,0,0,1,7,4.5,4.5,0,4.834461844559679,0.3344618445596792
16-17,Reine-Adelaide,3,0,0,0,0,0,0,0,0,4.5,4.5,0,4.755965349540906,0.2559653495409062
16-17,Hewelt,1,0,0,0,0,0,0,0,0,4,4,0,4.2731734259736545,0.27317342597365446
16-17,Woodburn,3,86,0,0,0,0,0,0,5,4.5,4.3,-0.2,4.83420797570128,0.3342079757012799
16-17,Husin,3,0,0,0,0,0,0,0,0,4.5,4.5,0,4.755965349540906,0.2559653495409062
16-17,Maja,4,0,0,0,0,0,0,0,0,4.5,4.5,0,5.116343774256151,0.6163437742561513
16-17,Ethan Robson,3,0,0,0,0,0,0,0,0,4.5,4.5,0,4.755965349540906,0.2559653495409062
16-17,Kenny,2,13,0,0,0,0,0,0,1,4,4,0,4.431897571267872,0.4318975712678723
16-17,Ledger,2,0,0,0,0,0,0,0,0,4,4,0,4.4219582406128515,0.4219582406128515
16-17,Jesus,4,651,7,4,2,0,0,3,67,9,9.1,0.1,8.14037385346433,-0.8596261465356694
16-17,Barton,3,1105,1,2,4,0,0,4,37,4.5,4.1,-0.4,5.5535354353360304,1.0535354353360304
16-17,Ndidi,3,1521,2,3,0,0,0,4,59,5,4.6,-0.4,5.586683798478658,0.5866837984786581
16-17,Evandro,3,576,0,0,1,0,0,3,18,5,4.9,-0.1,5.061824521534563,0.06182452153456275
16-17,Taylor,2,0,0,0,0,0,0,0,0,4,4,0,4.4219582406128515,0.4219582406128515
16-17,Arlauskis,1,0,0,0,0,0,0,0,0,4,4,0,4.2731734259736545,0.27317342597365446
16-17,Westwood,3,551,0,0,3,0,0,1,13,4.5,4.5,0,4.6798959063653855,0.17989590636538555
16-17,Ayew,4,867,1,4,1,0,0,5,39,5,5,0,6.78533168279703,1.7853316827970298
16-17,Gabbiadini,4,724,4,1,1,0,0,3,38,6.5,6.4,-0.1,6.6705460351226264,0.17054603512262645
16-17,N'Diaye,3,1273,1,0,7,0,0,4,34,4.5,4.1,-0.4,4.906755895165866,0.4067558951658663
16-17,Grosicki,3,1143,0,5,1,0,0,3,43,5.5,5.5,0,5.751252800051739,0.25125280005173867
16-17,Hassen,1,0,0,0,0,0,0,0,0,4,4,0,4.2731734259736545,0.27317342597365446
16-17,Agyei,4,25,0,0,0,0,0,0,3,4.5,4.5,0,5.189266088578355,0.6892660885783553
16-17,Cáceres,2,90,0,0,0,0,0,0,2,5,5,0,4.420875803854928,-0.5791241961450719
16-17,Wilson,3,0,0,0,0,0,0,0,0,4.5,4.5,0,4.755965349540906,0.2559653495409062
16-17,Tuanzebe,2,303,0,0,0,0,0,2,14,4,4,0,4.7123706614594525,0.7123706614594525
16-17,Macey,1,0,0,0,0,0,0,0,0,4,4,0,4.2731734259736545,0.27317342597365446
16-17,Mitchell,2,90,0,0,0,0,0,1,8,4,4,0,4.615585635701743,0.6155856357017431
16-17,Lesniak,3,5,0,1,0,0,0,0,4,4.5,4.5,0,5.193117748401832,0.693117748401832
16-17,Batty,3,0,0,0,0,0,0,0,0,4.5,4.5,0,4.755965349540906,0.2559653495409062
16-17,Ramsdale,1,0,0,0,0,0,0,0,0,4,4,0,4.2731734259736545,0.27317342597365446
16-17,Worthington,3,17,0,0,0,0,0,0,1,4.5,4.5,0,4.772187149854251,0.2721871498542514
16-17,Surridge,4,0,0,0,0,0,0,0,0,4.5,4.5,0,5.116343774256151,0.6163437742561513
16-17,Gomes,3,3,0,0,0,0,0,0,1,4.5,4.5,0,4.777738917374794,0.27773891737479417
16-17,O'Hara,1,0,0,0,0,0,0,0,0,4,4,0,4.2731734259736545,0.27317342597365446
17-18,Ospina,1,380,0,0,0,0,0,2,19,5,4.8,-0.2,4.470936195368409,-0.5290638046315914
17-18,Koscielny,2,2225,2,0,4,0,0,9,100,6,6,0,5.279576806373958,-0.7204231936260417
17-18,Gabriel,2,0,0,0,0,0,0,0,0,5,5,0,4.4219582406128515,-0.5780417593871485
17-18,Mustafi,2,2272,3,1,6,0,0,10,109,5.5,5.4,-0.1,5.563449517640533,0.06344951764053341
17-18,Özil,3,2161,4,9,4,0,0,8,112,9.5,9.3,-0.2,6.670154246422554,-2.8298457535774464
17-18,Coquelin,3,164,0,0,0,0,0,0,7,4.5,4.3,-0.2,4.839488272680313,0.33948827268031323
17-18,Mkhitaryan,3,1712,3,9,2,0,0,12,107,8,7.7,-0.3,7.615755578876589,-0.3842444211234106
17-18,Macey,1,0,0,0,0,0,0,0,0,5,5,0,4.2731734259736545,-0.7268265740263455
17-18,Aubameyang,4,1056,10,4,0,0,0,4,87,10.5,10.8,0.3,8.689763002596159,-1.810236997403841
17-18,Boruc,1,0,0,0,0,0,0,0,0,4.5,4.1,-0.4,4.2731734259736545,-0.22682657402634554
17-18,Steve Cook,2,2764,2,1,5,0,1,5,83,5,4.6,-0.4,4.843819522690898,-0.15618047730910156
17-18,Daniels,2,3001,1,3,0,0,0,6,94,5,4.7,-0.3,5.01727998522603,0.017279985226029915
17-18,Pugh,3,974,0,0,2,0,0,5,32,5,4.7,-0.3,5.209692074454781,0.20969207445478144
17-18,Surman,3,1851,2,5,2,0,0,5,82,4.5,4.3,-0.2,5.635908339233182,1.1359083392331817
17-18,Afobe,4,534,0,1,0,0,0,0,24,6,5.7,-0.3,5.677962805261818,-0.32203719473818193
17-18,Mousset,4,581,2,0,1,0,0,1,36,5,4.9,-0.1,6.074087219088957,1.0740872190889572
17-18,King,4,2450,8,4,3,0,0,7,110,7.5,7,-0.5,6.338713532314918,-1.1612864676850823
17-18,Simpson,2,71,0,0,0,0,0,0,1,4,4,0,4.41392997814232,0.4139299781423196
17-18,Hyndman,3,58,0,0,0,0,0,0,1,4.5,4.5,0,4.754997049751397,0.25499704975139714
17-18,Taylor,3,0,0,0,0,0,0,0,0,4.5,4.5,0,4.755965349540906,0.2559653495409062
17-18,Hünemeier,2,17,0,0,0,0,0,0,1,4,3.8,-0.2,4.430636002492217,0.4306360024922169
17-18,Rosenior,2,163,0,0,0,0,0,0,3,4,3.9,-0.1,4.409805751945539,0.40980575194553914
17-18,Knockaert,3,2415,3,1,4,1,0,11,88,6,5.5,-0.5,5.560808997983566,-0.43919100201643424
17-18,Kayal,3,735,0,0,2,0,0,1,25,4.5,4.4,-0.1,4.861722446542083,0.36172244654208274
17-18,March,3,1838,1,3,3,0,0,6,74,5,4.8,-0.2,5.524903061119421,0.5249030611194208
17-18,Skalak,3,0,0,0,0,0,0,0,0,5,4.7,-0.3,4.755965349540906,-0.24403465045909378
17-18,Norwood,3,0,0,0,0,0,0,0,0,4.5,4.5,0,4.755965349540906,0.2559653495409062
17-18,Murray,4,2184,12,0,9,0,0,8,111,6,5.9,-0.1,7.277087542999492,1.2770875429994923
17-18,Hemed,4,842,2,2,0,0,0,3,43,5,4.6,-0.4,6.4601192770327875,1.4601192770327875
17-18,Brown,3,302,0,0,0,0,0,0,16,5.5,5.2,-0.3,4.963478816117205,-0.5365211838827948
17-18,Izquierdo,3,1976,5,5,2,0,0,5,101,6,5.9,-0.1,5.874710768315844,-0.12528923168415584
17-18,Taylor,2,949,0,0,3,0,0,2,23,4.5,4.2,-0.3,4.3917772657198535,-0.1082227342801465
17-18,Marney,3,0,0,0,0,0,0,0,0,4.5,4.4,-0.1,4.755965349540906,0.2559653495409062
17-18,Gudmundsson,3,2831,2,9,2,0,0,10,117,5,5,0,6.1026697150496325,1.1026697150496325
17-18,Defour,3,1998,1,1,6,0,0,12,62,5.5,5.4,-0.1,5.730581103259272,0.23058110325927217
17-18,Brady,3,1277,1,4,3,0,0,6,56,5.5,5.3,-0.2,6.08268371528211,0.5826837152821103
17-18,Bardsley,2,1125,0,0,5,0,0,4,33,4.5,4,-0.5,4.532751997956609,0.0327519979566091
17-18,Pope,1,3114,0,0,3,0,0,11,152,4.5,5,0.5,4.9933739353392195,0.49337393533921947
17-18,Willian,3,1874,6,8,1,0,0,9,130,7,7,0,6.8022027881664915,-0.1977972118335085
17-18,Kanté,3,2994,1,2,3,0,0,16,101,5,4.9,-0.1,5.511652506000104,0.5116525060001038
17-18,Barkley,3,129,0,0,0,0,0,0,3,7.5,7.3,-0.2,4.766571728425254,-2.7334282715747458
17-18,Palmer,3,168,0,0,2,0,0,1,4,5.5,5.3,-0.2,4.725477835640014,-0.7745221643599862
17-18,Christensen,2,2067,0,0,0,0,0,8,79,5.5,5.3,-0.2,4.9501714660828435,-0.5498285339171565
17-18,Zappacosta,2,1087,1,1,0,0,0,5,58,6,5.9,-0.1,5.417796676477423,-0.5822033235225774
17-18,Ampadu,3,10,0,0,0,0,0,0,1,4.5,4.5,0,4.774984538793355,0.2749845387933547
17-18,Sterling,2,0,0,0,0,0,0,0,0,4.5,4.5,0,4.4219582406128515,-0.07804175938714852
17-18,Emerson,2,278,0,1,0,0,0,1,14,5.5,5.2,-0.3,4.923266111511519,-0.576733888488481
17-18,Speroni,1,990,0,0,0,0,0,2,36,4,4,0,4.436128302812735,0.43612830281273496
17-18,Kelly,2,1193,0,0,1,0,1,4,34,4.5,4.1,-0.4,4.775003814311348,0.275003814311348
17-18,Delaney,2,95,0,0,0,0,0,0,1,4.5,4.2,-0.3,4.406771985057037,-0.09322801494296318
17-18,Schlupp,2,1742,0,2,3,0,0,3,50,5,4.7,-0.3,4.794808296127103,-0.20519170387289698
17-18,Zaha,3,2549,9,7,5,0,0,10,136,7,7.1,0.1,7.831786389635791,0.8317863896357913
17-18,McArthur,3,2425,5,2,5,0,0,7,101,4.5,4.4,-0.1,5.531967242850705,1.0319672428507047
17-18,Lee Chung-yong,3,131,0,0,0,0,0,0,8,4.5,4.2,-0.3,4.881734053658529,0.38173405365852897
17-18,Wickham,4,0,0,0,0,0,0,0,0,5.5,5.4,-0.1,5.116343774256151,-0.3836562257438487
17-18,Fosu-Mensah,2,1592,0,0,2,0,0,2,39,4.5,4.4,-0.1,4.426139574994256,-0.07386042500574419
17-18,Riedewald,2,435,0,0,0,0,0,2,23,5,4.6,-0.4,4.789963404205172,-0.21003659579482825
17-18,Ladapo,4,16,0,0,0,0,0,0,1,4.5,4.5,0,5.139576065830509,0.639576065830509
17-18,Sørloth,4,360,0,0,0,0,0,0,8,5.5,5.4,-0.1,5.1730215205476835,-0.3269784794523165
17-18,Williams,2,1830,1,0,3,1,0,5,56,5.5,5.2,-0.3,4.735222241618501,-0.7647777583814994
17-18,Bolasie,3,848,1,1,0,0,0,3,35,6.5,6.4,-0.1,5.526801587244888,-0.9731984127551119
17-18,Besic,3,46,0,0,0,0,0,0,2,4.5,4.2,-0.3,4.782995491650191,0.28299549165019133
17-18,Gueye,3,2749,2,2,6,1,0,9,87,5,4.8,-0.2,5.165307580613559,0.16530758061355932
17-18,Calvert-Lewin,4,1871,4,8,4,0,0,6,88,5,4.9,-0.1,6.783141229646977,1.7831412296469766
17-18,Baningime,3,192,0,0,1,0,0,0,7,4.5,4.5,0,4.76490518167604,0.26490518167604016
17-18,Tosun,4,984,5,0,0,0,0,4,55,7.5,6.7,-0.8,6.724658814710454,-0.7753411852895464
17-18,Coleman,1,0,0,0,0,0,0,0,0,4,3.9,-0.1,4.2731734259736545,0.27317342597365446
17-18,Smith,2,1902,0,1,7,0,0,5,50,5,4.7,-0.3,4.609892082495619,-0.39010791750438134
17-18,Hefele,2,32,0,0,1,0,0,0,1,4.5,4.2,-0.3,4.352217713599032,-0.14778228640096813
17-18,Mooy,3,3066,4,3,4,0,0,10,113,5.5,5.2,-0.3,5.350773867348849,-0.14922613265115103
17-18,Billing,3,755,0,0,3,0,0,3,22,4.5,4.4,-0.1,4.935858465805629,0.43585846580562926
17-18,Lolley,3,217,1,0,1,0,0,0,11,4.5,4.3,-0.2,5.036338615164087,0.5363386151640874
17-18,Kachunga,3,1327,1,1,1,0,0,6,46,6,5.7,-0.3,5.524203509319497,-0.4757964906805032
17-18,Williams,3,1115,0,0,2,0,0,0,28,5,4.8,-0.2,4.5702226547301725,-0.42977734526982747
17-18,Quaner,4,1268,0,4,4,0,0,3,44,4.5,4.5,0,5.930896290337559,1.430896290337559
17-18,Depoitre,4,1807,6,2,1,0,0,4,94,5.5,5,-0.5,6.200346510703998,0.7003465107039979
17-18,Malone,2,1110,0,1,3,0,0,3,41,4.5,4.3,-0.2,4.837205844782584,0.3372058447825843
17-18,Hamer,1,274,0,0,0,0,0,1,9,4.5,4.3,-0.2,4.373190145763033,-0.1268098542369671
17-18,Morgan,2,2817,0,0,4,0,0,5,61,4.5,4.4,-0.1,4.573758099910176,0.0737580999101759
17-18,Simpson,2,2306,0,0,4,0,0,5,55,4.5,4.3,-0.2,4.515338857735073,0.015338857735073042
17-18,Maguire,2,3420,2,4,7,0,0,9,117,5,5.5,0.5,5.0590198672764215,0.0590198672764215
17-18,Musa,3,0,0,0,0,0,0,0,0,6.5,6.1,-0.4,4.755965349540906,-1.7440346504590938
17-18,Okazaki,4,1314,6,3,2,0,0,5,76,5.5,5.3,-0.2,7.060404796423286,1.5604047964232857
17-18,Chamberlain,3,1718,3,7,3,0,0,5,94,6,5.5,-0.5,6.028088894211004,0.028088894211004245
17-18,Sheyi Ojo,3,0,0,0,0,0,0,0,0,5,5,0,4.755965349540906,-0.24403465045909378
17-18,Grujic,3,14,0,0,0,0,0,0,3,4.5,4.2,-0.3,4.820037846768846,0.3200378467688463
17-18,Ward,1,0,0,0,0,0,0,0,0,4.5,4.4,-0.1,4.2731734259736545,-0.22682657402634554
17-18,Masterson,2,0,0,0,0,0,0,0,0,4,4,0,4.4219582406128515,0.4219582406128515
17-18,Jones,3,0,0,0,0,0,0,0,0,4.5,4.5,0,4.755965349540906,0.2559653495409062
17-18,Bravo,1,224,0,0,0,0,0,1,10,5,4.5,-0.5,4.367293916898554,-0.6327060831014464
17-18,Kompany,2,1394,1,1,6,0,0,6,60,6,5.9,-0.1,5.245313115511004,-0.7546868844889962
17-18,Fernando,3,0,0,0,0,0,0,0,0,4.5,4.5,0,4.755965349540906,0.2559653495409062
17-18,Gündogan,3,1504,4,2,3,0,0,6,82,5.5,5.4,-0.1,6.218125985034357,0.7181259850343569
17-18,Sané,3,2415,10,15,4,0,0,12,179,8.5,8.7,0.2,9.317748488703945,0.8177484887039448
17-18,Walker,2,2784,0,6,2,1,1,15,138,6.5,6.6,0.1,5.368649383679744,-1.1313506163202556
17-18,Danilo,2,1340,3,2,2,0,0,9,100,5.5,5,-0.5,6.534293643533665,1.0342936435336654
17-18,Laporte,2,806,0,0,1,0,0,4,35,5.5,5.1,-0.4,4.903430408282375,-0.5965695917176248
17-18,Nmecha,4,14,0,0,0,0,0,0,2,4.5,4.5,0,5.16540751767034,0.6654075176703396
17-18,Joel Pereira,1,0,0,0,0,0,0,0,0,4,3.9,-0.1,4.2731734259736545,0.27317342597365446
17-18,Smalling,2,2535,4,0,4,0,0,11,123,5.5,5.7,0.2,5.509320587786345,0.009320587786344703
17-18,Rojo,2,639,0,0,6,0,0,3,23,5.5,5.4,-0.1,4.477074163657373,-1.022925836342627
17-18,Blind,2,360,0,0,0,0,0,4,28,5.5,5.1,-0.4,5.151406154054343,-0.3485938459456568
17-18,Fellaini,3,611,4,0,1,0,0,4,47,5,4.7,-0.3,6.406622036880881,1.406622036880881
17-18,Hanley,2,0,0,0,0,0,0,0,0,4,4,0,4.4219582406128515,0.4219582406128515
17-18,Colback,3,0,0,0,0,0,0,0,0,4.5,4.2,-0.3,4.755965349540906,0.2559653495409062
17-18,Atsu,3,1776,2,4,1,0,0,6,78,5,4.8,-0.2,5.712530044362856,0.7125300443628557
17-18,Mitrovic,4,89,1,0,0,0,0,0,10,5,4.7,-0.3,5.557379978763613,0.5573799787636133
17-18,Murphy,4,0,0,0,0,0,0,0,0,4.5,4.5,0,5.116343774256151,0.6163437742561513
17-18,Haidara,2,3,0,0,0,0,0,0,1,4,3.9,-0.1,4.435061433451885,0.4350614334518852
17-18,Forster,1,1800,0,0,0,0,0,4,73,5,4.6,-0.4,4.628234328435906,-0.371765671564094
17-18,Bertrand,2,3135,0,5,2,0,0,8,103,5.5,5.3,-0.2,5.0964124865161695,-0.4035875134838305
17-18,Targett,2,166,0,0,0,0,0,0,2,4.5,4.3,-0.2,4.397324153095036,-0.10267584690496356
17-18,Clasie,3,0,0,0,0,0,0,0,0,4.5,4.4,-0.1,4.755965349540906,0.2559653495409062
17-18,Oriol Romeu,3,2897,1,0,11,0,0,8,68,4.5,4.2,-0.3,4.648854864757783,0.14885486475778276
17-18,Boufal,3,1206,2,2,1,0,0,1,55,6,5.7,-0.3,5.446479632684961,-0.5535203673150386
17-18,Taylor,1,0,0,0,0,0,0,0,0,4,4,0,4.2731734259736545,0.27317342597365446
17-18,Obafemi,4,8,0,0,0,0,0,0,1,4.5,4.5,0,5.140739874233897,0.6407398742338968
17-18,Carrillo,4,449,0,1,0,0,0,1,15,6.5,5.9,-0.6,5.654343116381092,-0.8456568836189078
17-18,Butland,1,3150,0,0,0,0,1,6,125,5,5,0,4.834534083336193,-0.16546591666380728
17-18,Shawcross,2,2371,1,1,2,0,1,5,67,5,4.8,-0.2,4.837425586859258,-0.16257441314074228
17-18,Bojan,3,71,0,0,0,0,0,0,2,5.5,5.5,0,4.7718366996905734,-0.7281633003094266
17-18,Fletcher,3,2217,1,1,0,0,0,4,67,5,4.7,-0.3,4.921491398620917,-0.07850860137908278
17-18,Diouf,4,2592,6,3,6,0,0,8,99,5.5,5.2,-0.3,5.927094325026846,0.42709432502684574
17-18,Martins Indi,2,1242,0,0,3,0,0,1,20,5,4.9,-0.1,4.252433235772748,-0.7475667642272521
17-18,Edwards,2,481,0,0,0,0,0,0,6,4,4,0,4.352320601500314,0.3523206015003142
17-18,Ngoy,4,19,0,0,0,0,0,0,1,4.5,4.5,0,5.139109732465878,0.6391097324658777
17-18,Ireland,3,128,0,0,1,0,0,0,4,4.5,4.5,0,4.72508440815456,0.22508440815455977
17-18,Stafylidis,2,334,0,0,0,0,0,0,6,4.5,4.3,-0.2,4.388846520502791,-0.11115347949720888
17-18,Nordfeldt,1,0,0,0,0,0,0,0,0,4,3.9,-0.1,4.2731734259736545,0.27317342597365446
17-18,Naughton,2,3030,0,2,1,0,1,9,101,4.5,4.6,0.1,4.925709437217662,0.4257094372176624
17-18,van der Hoorn,2,1944,1,0,4,0,0,8,74,4.5,4.4,-0.1,5.033580338426148,0.5335803384261482
17-18,Mawson,2,3420,2,1,3,0,0,9,112,5,5.1,0.1,4.901891734668704,-0.09810826533129635
17-18,Routledge,3,420,0,0,1,0,0,1,17,5.5,5.1,-0.4,4.9545554718931,-0.5454445281069003
17-18,Carroll,3,2562,0,4,3,0,0,7,85,4.5,4.3,-0.2,5.140514558281691,0.6405145582816907
17-18,Rodon,2,0,0,0,0,0,0,0,0,4,4,0,4.4219582406128515,0.4219582406128515
17-18,Llorente,4,224,1,0,1,0,0,1,22,7.5,7.3,-0.2,5.818633200092491,-1.6813667999075088
17-18,Alderweireld,2,1177,0,0,3,0,0,5,43,6,5.8,-0.2,4.809246227580633,-1.1907537724193666
17-18,Davies,2,2323,2,7,3,0,0,12,143,5.5,5.8,0.3,5.861051909997412,0.3610519099974123
17-18,Wanyama,3,837,1,0,2,0,0,2,32,5,4.8,-0.2,5.163233930537423,0.16323393053742308
17-18,Kane,4,3074,29,2,5,0,0,15,217,12.5,13.1,0.6,10.794639679042286,-1.7053603209577144
17-18,Janssen,4,1,0,0,0,0,0,0,1,7.5,7.4,-0.1,5.141662173166372,-2.358337826833628
17-18,Walker-Peters,2,188,0,2,0,0,0,1,13,4.5,4,-0.5,5.285135341349093,0.7851353413490934
17-18,Sterling,4,0,0,0,0,0,0,0,0,4.5,4.5,0,5.116343774256151,0.6163437742561513
17-18,Gray,4,1486,5,3,1,0,0,5,79,6.5,6.3,-0.2,6.622073614558303,0.12207361455830323
17-18,Wagué,2,438,1,0,0,0,0,1,19,4.5,4.5,0,4.810349886893377,0.31034988689337695
17-18,Holebas,2,2381,0,4,7,0,0,6,72,5,4.8,-0.2,5.028762622620574,0.028762622620574163
17-18,Mason,2,0,0,0,0,0,0,0,0,4,3.9,-0.1,4.4219582406128515,0.4219582406128515
17-18,Capoue,3,1537,1,1,3,0,0,4,48,5.5,4.8,-0.7,5.1427341615332525,-0.35726583846674753
17-18,Success,3,0,0,0,0,0,0,0,0,5.5,5.3,-0.2,4.755965349540906,-0.7440346504590938
17-18,Hughes,3,987,2,3,0,0,0,4,53,5,4.6,-0.4,6.12030645840328,1.12030645840328
17-18,Okaka,4,442,1,1,2,0,0,2,24,5.5,5.3,-0.2,6.078747837751022,0.5787478377510222
17-18,Lukebakio,3,15,0,0,0,0,0,0,1,5,4.8,-0.2,4.772990727952383,-0.22700927204761712
17-18,Myhill,1,90,0,0,1,0,0,0,1,4,4,0,4.182780844713372,0.1827808447133723
17-18,Brunt,3,1917,0,8,5,0,0,9,81,5.5,5,-0.5,6.146049566686644,0.6460495666866439
17-18,Rondón,4,2765,7,3,4,0,0,6,103,6.5,6,-0.5,5.714544489636884,-0.785455510363116
17-18,Robson-Kanu,4,816,2,0,2,1,0,4,32,5,4.9,-0.1,6.059253255392165,1.0592532553921652
17-18,Hegazi,2,3386,2,0,4,0,0,10,114,4.5,4.6,0.1,4.869754331871864,0.3697543318718637
17-18,Krychowiak,3,1634,0,3,2,0,0,4,58,5,4.7,-0.3,5.288137893127817,0.2881378931278169
17-18,Tulloch,4,0,0,0,0,0,0,0,0,4.5,4.5,0,5.116343774256151,0.6163437742561513
17-18,Collins,2,1049,1,0,3,0,0,3,36,4.5,4.3,-0.2,4.751593392558423,0.25159339255842283
17-18,Byram,2,246,0,0,1,0,0,0,5,4.5,4.2,-0.3,4.342633424022775,-0.1573665759772247
17-18,Carroll,4,742,3,1,5,1,0,3,36,6,5.7,-0.3,6.421595189943701,0.4215951899437007
17-18,Martínez,4,0,0,0,0,0,0,0,0,5,5,0,5.116343774256151,0.11634377425615128
17-18,Quina,3,0,0,0,0,0,0,0,0,4.5,4.4,-0.1,4.755965349540906,0.2559653495409062
17-18,Johnson,3,0,0,0,0,0,0,0,0,4.5,4.4,-0.1,4.755965349540906,0.2559653495409062
17-18,Oxford,2,4,0,0,0,0,0,0,1,4.5,4.5,0,4.434744465487772,-0.06525553451222788
18-19,Mustafi,2,2611,2,0,9,0,0,6,80,5.5,5.4,-0.1,4.688024443337287,-0.8119755566627127
18-19,Kolasinac,2,1886,0,7,5,0,1,5,81,5,4.9,-0.1,5.268283827546242,0.2682838275462416
18-19,Mavropanos,2,147,0,0,1,0,0,0,3,5,4.7,-0.3,4.346934305996327,-0.653065694003673
18-19,Aubameyang,4,2722,22,7,0,0,0,7,205,11,10.8,-0.2,9.433320607648614,-1.5666793923513858
18-19,Guendouzi,3,2140,0,0,9,0,0,3,47,4.5,4.4,-0.1,4.3872157762422175,-0.11278422375778252
18-19,Martínez,1,0,0,0,0,0,0,0,0,4,4,0,4.2731734259736545,0.27317342597365446
18-19,Nketiah,4,63,1,0,0,0,0,0,10,5,5,0,5.5668903021617595,0.5668903021617595
18-19,Francis,2,1227,0,2,1,0,0,4,40,4.5,4.3,-0.2,5.078684391630866,0.5786843916308664
18-19,Daniels,2,1583,1,0,4,0,0,4,44,4.5,4.1,-0.4,4.636598721057276,0.13659872105727633
18-19,Ibe,3,789,1,1,1,0,0,1,33,5.5,4.9,-0.6,5.323178840176174,-0.17682115982382562
18-19,Rico,2,606,0,0,1,0,0,0,8,4.5,4.1,-0.4,4.279989737265824,-0.220010262734176
18-19,Lerma,3,2505,2,2,12,0,1,9,75,4.5,4.5,0,5.254689129802193,0.7546891298021929
18-19,Surridge,4,11,0,0,0,0,0,0,2,4.5,4.5,0,5.165846489641293,0.665846489641293
18-19,Taylor,3,0,0,0,0,0,0,0,0,4.5,4.5,0,4.755965349540906,0.2559653495409062
18-19,Balogun,2,591,1,0,2,0,0,0,15,4.5,4.2,-0.3,4.504143484152295,0.0041434841522951515
18-19,Stephens,3,2484,1,1,6,1,0,5,65,4.5,4.3,-0.2,4.812823548037607,0.31282354803760715
18-19,Kayal,3,935,1,1,4,0,0,4,36,4.5,4.4,-0.1,5.534589256126459,1.0345892561264591
18-19,Izquierdo,3,789,0,2,1,0,0,3,31,6,5.9,-0.1,5.553800752049263,-0.4461992479507373
18-19,Locadia,4,1225,2,0,1,0,0,3,52,5.5,5.3,-0.2,5.8908088597843005,0.39080885978430047
18-19,Bernardo,2,1749,0,1,4,0,0,2,39,4.5,4.2,-0.3,4.529980373203434,0.029980373203433608
18-19,Sanders,3,0,0,0,0,0,0,0,0,4.5,4.5,0,4.755965349540906,0.2559653495409062
18-19,Burn,2,0,0,0,0,0,0,0,0,4.5,4.5,0,4.4219582406128515,-0.07804175938714852
18-19,Vydra,4,310,1,1,1,0,0,0,21,6,5.6,-0.4,5.9460867364435455,-0.05391326355645454
18-19,Koiki,2,0,0,0,0,0,0,0,0,4,4,0,4.4219582406128515,0.4219582406128515
18-19,Ecuele Manga,2,3375,0,1,0,0,0,10,97,4.5,4.4,-0.1,4.8627941321630646,0.36279413216306455
18-19,Ralls,3,1954,0,0,4,1,0,5,45,5,4.6,-0.4,4.678236689310563,-0.32176331068943664
18-19,Hoilett,3,2134,3,2,4,0,0,6,82,5.5,5,-0.5,5.416362612737841,-0.08363738726215875
18-19,Damour,3,21,0,0,0,0,0,0,2,4.5,4.3,-0.2,4.793659597355166,0.2936595973551661
18-19,Murphy,3,1810,3,2,2,0,0,7,76,5,4.8,-0.2,5.755080456035091,0.755080456035091
18-19,Madine,4,32,0,0,0,0,0,0,5,4.5,4.4,-0.1,5.239460323628278,0.7394603236282782
18-19,Harris,3,365,1,1,1,0,0,1,24,4.5,4.5,0,5.58018335352409,1.08018335352409
18-19,Healey,4,49,0,0,0,0,0,0,3,4.5,4.5,0,5.184690398175403,0.6846903981754027
18-19,Courtois,1,0,0,0,0,0,0,0,0,5.5,5.5,0,4.2731734259736545,-1.2268265740263455
18-19,Hazard,3,2918,16,15,2,0,0,12,238,10.5,11,0.5,9.10319500155758,-1.3968049984424198
18-19,Kanté,3,3092,4,4,3,0,0,14,116,5,4.9,-0.1,5.912209993647052,0.9122099936470516
18-19,Hudson-Odoi,3,388,0,1,0,0,0,2,18,4.5,4.2,-0.3,5.4101442258865085,0.9101442258865085
18-19,Kovacic,3,1725,0,2,3,0,0,9,64,6,5.7,-0.3,5.697260444549919,-0.30273955545008135
18-19,Guaita,1,1754,0,0,2,0,0,7,81,4.5,4.3,-0.2,4.822862250219634,0.3228622502196341
18-19,Tomkins,2,2561,1,1,6,0,0,10,86,4.5,4.3,-0.2,4.993857122457848,0.49385712245784763
18-19,Dann,2,661,0,1,1,0,0,2,23,4.5,4.4,-0.1,4.861281805594572,0.36128180559457235
18-19,Kelly,2,1110,0,0,2,0,1,3,26,4,3.9,-0.1,4.648843626322438,0.6488436263224377
18-19,Schlupp,2,1660,4,3,1,0,0,4,91,4.5,4.3,-0.2,5.524737347048292,1.0247373470482923
18-19,van Aanholt,2,3196,3,2,3,0,0,12,140,5.5,5.5,0,5.196629719737587,-0.3033702802624134
18-19,Zaha,4,3037,10,11,8,1,0,11,143,7,7,0,9.014539168382662,2.0145391683826617
18-19,Sørloth,4,173,0,0,0,0,0,0,12,5,4.8,-0.2,5.3781275064623415,0.3781275064623415
18-19,Ward,2,551,1,0,1,0,0,0,13,4.5,4.3,-0.2,4.559890240113408,0.0598902401134076
18-19,Jach,2,0,0,0,0,0,0,0,0,4,4,0,4.4219582406128515,0.4219582406128515
18-19,Wickham,4,61,0,1,0,0,0,0,9,5,4.9,-0.1,5.697757227445313,0.6977572274453134
18-19,Pickford,1,3420,0,0,1,0,0,14,161,5,4.9,-0.1,5.020586693705155,0.020586693705155312
18-19,Jagielka,2,329,1,0,0,1,0,2,22,4.5,4.3,-0.2,5.050812568173779,0.5508125681737788
18-19,Walcott,3,2108,5,3,1,0,0,6,101,6.5,5.9,-0.6,5.691413036062207,-0.8085869639377927
18-19,Schneiderlin,3,832,0,1,2,0,0,5,28,4.5,4.2,-0.3,5.485257460855566,0.985257460855566
18-19,Davies,3,975,0,0,3,0,0,2,26,5.5,5,-0.5,4.761320908950077,-0.7386790910499226
18-19,Sigurdsson,3,3122,13,6,3,0,0,15,182,7.5,7.4,-0.1,8.258900003045838,0.7589000030458379
18-19,Sandro,4,0,0,0,0,0,0,0,0,5.5,5.4,-0.1,5.116343774256151,-0.3836562257438487
18-19,Browning,2,0,0,0,0,0,0,0,0,4,4,0,4.4219582406128515,0.4219582406128515
18-19,Chambers,2,2586,2,0,9,0,0,5,60,4.5,4.2,-0.3,4.606541742810268,0.1065417428102684
18-19,McDonald,3,837,0,0,4,1,0,0,17,4.5,4.2,-0.3,4.502338818687944,0.0023388186879440553
18-19,Ayité,3,466,1,0,0,0,0,0,24,4.5,4.2,-0.3,5.170080930542472,0.670080930542472
18-19,Schürrle,3,1638,6,0,2,0,0,2,75,6,5.5,-0.5,5.518372300680878,-0.4816276993191222
18-19,Mawson,2,1130,0,0,2,0,0,1,19,5,4.7,-0.3,4.303891001617731,-0.696108998382269
18-19,Elliott,3,18,0,0,0,0,0,0,2,4,4,0,4.794903656999871,0.7949036569998711
18-19,Schindler,2,3260,1,1,4,1,0,5,76,4.5,4.2,-0.3,4.8449506754606135,0.34495067546061353
18-19,Löwe,2,2052,0,4,2,0,0,1,49,4.5,4.4,-0.1,5.216092117694664,0.7160921176946644
18-19,Zanka,2,2147,3,1,6,0,0,3,67,4.5,4.4,-0.1,4.885010730041225,0.3850107300412251
18-19,Malone,2,0,0,0,0,0,0,0,0,4,4,0,4.4219582406128515,0.4219582406128515
18-19,Kongolo,2,2716,1,1,4,0,1,4,60,4.5,4.3,-0.2,4.805356902863157,0.3053569028631573
18-19,van La Parra,3,405,0,0,0,0,0,1,10,5,4.6,-0.4,4.852740214734112,-0.1472597852658879
18-19,Billing,3,2187,2,0,7,0,0,5,63,4.5,4.5,0,4.884645698168693,0.38464569816869343
18-19,Williams,3,94,0,0,1,0,0,1,6,4.5,4.5,0,4.874661722538597,0.37466172253859664
18-19,Sabiri,3,48,0,0,0,0,0,0,2,4.5,4.3,-0.2,4.782120326481359,0.2821203264813592
18-19,Diakhaby,3,548,0,1,1,0,0,1,19,5,4.5,-0.5,5.149791914742585,0.14979191474258524
18-19,Grant,4,873,3,2,0,0,0,1,45,5,5,0,6.271489943130504,1.2714899431305042
18-19,Rowe,3,68,0,0,0,0,0,0,2,4.5,4.5,0,4.773200211248414,0.2732002112484144
18-19,Simpson,2,289,0,0,0,0,0,1,12,4.5,4.2,-0.3,4.585811228599195,0.08581122859919521
18-19,Pereira,2,3123,2,8,7,0,0,10,146,5,5.3,0.3,5.275256944681939,0.2752569446819386
18-19,Silva,3,87,0,0,0,0,0,0,3,5,4.7,-0.3,4.787206143863278,-0.21279385613672197
18-19,Ward,1,0,0,0,0,0,0,0,0,4.5,4.3,-0.2,4.2731734259736545,-0.22682657402634554
18-19,Ghezzal,3,733,1,0,3,0,0,1,28,5.5,5,-0.5,5.043712459354442,-0.4562875406455582
18-19,Mendy,3,2085,0,1,5,0,0,7,58,4.5,4.3,-0.2,4.994006251453696,0.4940062514536958
18-19,Lovren,2,986,1,1,1,0,0,6,63,5,4.9,-0.1,5.74160995393415,0.7416099539341499
18-19,Moreno,2,154,0,0,0,0,0,0,4,4.5,4.1,-0.4,4.425703542004592,-0.07429645799540818
18-19,Gomez,2,1059,0,0,2,0,0,7,55,5,4.8,-0.2,5.356715434277987,0.35671543427798724
18-19,Matip,2,1535,1,0,3,0,0,9,83,5,4.9,-0.1,5.6947656511242055,0.6947656511242055
18-19,Robertson,2,3216,0,12,4,0,0,21,213,6,6.7,0.7,5.914424289550169,-0.08557571044983092
18-19,Wijnaldum,3,2723,3,1,3,0,0,18,108,5.5,5.5,0,6.205267697175325,0.7052676971753247
18-19,Salah,3,3254,22,12,1,0,0,21,259,13,13.2,0.2,9.779068409236752,-3.2209315907632483
18-19,Fabinho,3,2011,1,2,6,0,0,11,65,6,5.5,-0.5,5.752662350578172,-0.24733764942182823
18-19,Keita,3,1385,2,1,0,0,0,10,67,7.5,7.1,-0.4,6.38956154550916,-1.1104384544908399
18-19,Firmino,4,2606,12,8,0,0,0,19,160,9.5,9.3,-0.2,10.440230529721433,0.9402305297214326
18-19,Origi,4,364,3,1,0,0,0,3,32,5,5,0,6.836982673779578,1.8369826737795778
18-19,Camacho,3,1,0,0,0,0,0,0,1,5,5,0,4.778517827544311,-0.2214821724556888
18-19,Jones,3,0,0,0,0,0,0,0,0,4.5,4.5,0,4.755965349540906,0.2559653495409062
18-19,Mahrez,3,1331,7,4,0,0,0,4,102,9,8.2,-0.8,6.598600187504275,-2.4013998124957254
18-19,Kompany,2,1220,1,0,6,0,0,6,58,5.5,5.2,-0.3,5.2227044552718045,-0.2772955447281955
18-19,Danilo,2,805,1,0,1,0,0,4,46,5.5,4.8,-0.7,5.246799108489546,-0.25320089151045444
18-19,Mendy,2,900,0,6,1,0,0,4,59,6,6.1,0.1,5.972418854320638,-0.02758114567936243
18-19,Sterling,3,2770,17,15,3,0,0,17,234,11,11.7,0.7,9.759240932564365,-1.2407590674356346
18-19,Gündogan,3,2129,6,3,3,0,0,13,113,5.5,5.4,-0.1,6.840598651172509,1.3405986511725088
18-19,Bernardo Silva,3,2849,7,8,3,0,0,15,154,7.5,7.8,0.3,7.208515614331187,-0.29148438566881296
18-19,Romero,1,0,0,0,0,0,0,0,0,5,4.9,-0.1,4.2731734259736545,-0.7268265740263455
18-19,Valencia,2,466,0,0,2,0,0,2,17,6.5,6.4,-0.1,4.57191911788086,-1.92808088211914
18-19,Blind,2,0,0,0,0,0,0,0,0,5,5,0,4.4219582406128515,-0.5780417593871485
18-19,Bailly,2,636,0,0,0,1,0,1,16,5.5,5,-0.5,4.512300691371983,-0.9876993086280166
18-19,Young,2,2568,2,3,8,1,0,4,73,6,5.7,-0.3,5.026009178621892,-0.9739908213781083
18-19,Mata,3,1284,3,4,3,0,0,5,70,6.5,6.1,-0.4,6.291227650080941,-0.2087723499190588
18-19,Herrera,3,1397,2,3,4,0,0,5,62,5,5,0,5.891180687704691,0.8911806877046908
18-19,Pogba,3,3007,13,10,6,0,0,8,179,8,8.6,0.6,8.468520241285022,0.468520241285022
18-19,McTominay,3,862,2,0,1,0,0,1,38,4.5,4.2,-0.3,5.295720217623773,0.7957202176237734
18-19,Lukaku,4,2126,12,1,4,0,0,4,115,11,10.7,-0.3,6.526294734324122,-4.473705265675878
18-19,Chong,3,37,0,0,0,0,0,0,2,4.5,4.5,0,4.786894184845593,0.28689418484559326
18-19,Darlow,1,0,0,0,0,0,0,0,0,4.5,4.4,-0.1,4.2731734259736545,-0.22682657402634554
18-19,Yedlin,2,2472,1,2,6,1,1,5,63,4.5,4.5,0,4.8674956444009245,0.3674956444009245
18-19,Clark,2,857,3,0,1,0,0,2,42,4.5,4.5,0,5.220143398224151,0.7201433982241507
18-19,Manquillo,2,1098,0,3,2,0,0,4,53,4.5,4.3,-0.2,5.378645669185583,0.8786456691855831
18-19,Murphy,3,296,0,1,0,0,0,1,16,5,4.7,-0.3,5.338190970697097,0.3381909706970969
18-19,Pérez,4,2916,12,2,2,0,0,11,141,6.5,6.1,-0.4,6.845948478073472,0.3459484780734723
18-19,Sterry,2,0,0,0,0,0,0,0,0,4,4,0,4.4219582406128515,0.4219582406128515
18-19,Longstaff,3,686,1,1,2,0,0,3,26,4.5,4.5,0,5.517390920678089,1.0173909206780891
18-19,Woodman,1,0,0,0,0,0,0,0,0,4,4,0,4.2731734259736545,0.27317342597365446
18-19,Cass,2,0,0,0,0,0,0,0,0,4,4,0,4.4219582406128515,0.4219582406128515
18-19,Forster,1,90,0,0,0,0,0,0,2,4.5,4.2,-0.3,4.273942222409847,-0.2260577775901531
18-19,Yoshida,2,1518,0,1,0,0,0,3,44,4.5,4.1,-0.4,4.745893008549911,0.2458930085499107
18-19,Davis,3,97,0,1,0,0,0,0,9,5,4.6,-0.4,5.2381676080515245,0.23816760805152448
18-19,Austin,4,970,2,2,1,0,0,5,46,6,5.5,-0.5,6.626454091696414,0.6264540916964139
18-19,Obafemi,4,134,1,1,1,0,0,0,13,5,5,0,5.883320914241355,0.883320914241355
18-19,Lloris,1,2970,0,0,0,0,0,12,145,5.5,5.4,-0.1,5.029077767184776,-0.47092223281522383
18-19,Vorm,1,180,0,0,0,0,0,0,5,5,4.7,-0.3,4.267010506149056,-0.732989493850944
18-19,Alderweireld,2,2921,0,0,3,0,1,12,107,6,6,0,4.9863676414056375,-1.0136323585943625
18-19,Trippier,2,2275,1,5,2,0,1,10,118,6,6,0,5.397259912063937,-0.6027400879360627
18-19,Sánchez,2,1941,1,2,2,0,0,6,78,6,5.8,-0.2,5.114332121050223,-0.8856678789497767
18-19,Aurier,2,562,0,2,1,0,0,2,24,6,5.7,-0.3,5.185669765835071,-0.8143302341649292
18-19,Dier,3,1504,3,0,4,0,0,5,56,5,4.7,-0.3,5.469130917658467,0.46913091765846726
18-19,Lucas Moura,3,2115,10,2,3,0,0,14,131,7,6.9,-0.1,7.807614771379213,0.807614771379213
18-19,Skipp,3,214,0,0,0,0,0,2,12,4.5,4.5,0,5.117075447424534,0.6170754474245337
18-19,Janssen,4,36,0,0,0,0,0,0,3,4.5,4.5,0,5.187297167303697,0.6872971673036972
18-19,Gomes,1,0,0,0,0,0,0,0,0,4.5,4.2,-0.3,4.2731734259736545,-0.22682657402634554
18-19,Kaboul,2,0,0,0,0,0,0,0,0,4.5,4.2,-0.3,4.4219582406128515,-0.07804175938714852
18-19,Holebas,2,2392,3,7,12,1,0,5,93,4.5,4.8,0.3,5.6981878966855914,1.1981878966855914
18-19,Mariappa,2,1924,0,0,3,0,0,5,57,4.5,4.2,-0.3,4.605755572361878,0.10575557236187816
18-19,Navarro,2,84,0,0,0,0,0,0,2,4.5,4.2,-0.3,4.4228301822606095,-0.07716981773939047
18-19,Pereyra,3,2817,6,4,3,0,0,6,122,6,5.9,-0.1,5.411034307277061,-0.5889656927229394
18-19,Gray,4,1352,7,2,2,0,0,4,83,6,5.9,-0.1,6.953199769999182,0.9531997699991823
18-19,Sinclair,4,0,0,0,0,0,0,0,0,4.5,4.4,-0.1,5.116343774256151,0.6163437742561513
18-19,Peñaranda,4,0,0,0,0,0,0,0,0,5,5,0,5.116343774256151,0.11634377425615128
18-19,Fabianski,1,3420,0,0,0,0,0,7,143,4.5,4.7,0.2,4.826530183091549,0.326530183091549
18-19,Zabaleta,2,2089,0,1,4,0,0,4,56,4.5,4.3,-0.2,4.636084518919262,0.13608451891926165
18-19,Lanzini,3,685,1,2,2,0,0,2,31,6.5,6.4,-0.1,5.681899444925016,-0.8181005550749836
18-19,Snodgrass,3,2215,2,5,10,0,0,5,85,5.5,5,-0.5,5.463964483266972,-0.03603551673302796
18-19,Miranda,2,0,0,0,0,0,0,0,0,4,4,0,4.4219582406128515,0.4219582406128515
18-19,Enobakhare,3,0,0,0,0,0,0,0,0,4.5,4.3,-0.2,4.755965349540906,0.2559653495409062
18-19,Jiménez,4,3112,13,10,4,0,0,12,181,5.5,6.9,1.4,8.81122957460622,3.3112295746062195
18-19,Gibbs-White,3,645,0,1,1,0,0,4,37,4.5,4.3,-0.2,5.779543681776465,1.279543681776465
18-19,Traoré,3,884,1,1,1,0,0,1,44,5.5,5.1,-0.4,5.43062163177501,-0.06937836822499044
18-19,Hause,2,0,0,0,0,0,0,0,0,4,4,0,4.4219582406128515,0.4219582406128515
18-19,Giles,3,0,0,0,0,0,0,0,0,4.5,4.5,0,4.755965349540906,0.2559653495409062
